sensor_id,location_id,sensor_type,reading_value,reading_timestamp,battery_level,signal_strength
SENSOR-0001,Warehouse-A,Vibration,41.89,2025-10-24T02:54:45.655396,29.5,51.9
SENSOR-0002,Transport-001,GPS,15.22,2025-10-23T10:54:45.655403,67.5,96.9
SENSOR-0003,Warehouse-B,Vibration,16.91,2025-10-23T18:54:45.655407,59.2,99.1
SENSOR-0004,Transport-002,Pressure,62.94,2025-10-23T20:54:45.655410,50.2,70.0
SENSOR-0005,Factory-1,Pressure,4.66,2025-10-23T14:54:45.655413,59.0,72.1
SENSOR-0006,Warehouse-A,Humidity,15.43,2025-10-24T05:54:45.655416,67.9,99.2
SENSOR-0007,Transport-001,Humidity,31.66,2025-10-23T23:54:45.655419,54.0,65.0
SENSOR-0008,Factory-1,Pressure,19.0,2025-10-23T18:54:45.655422,43.4,72.7
SENSOR-0009,Transport-001,Humidity,44.34,2025-10-24T00:54:45.655425,47.5,72.6
SENSOR-0010,Transport-002,Humidity,89.71,2025-10-23T15:54:45.655428,65.4,82.1
SENSOR-0011,Factory-1,Temperature,29.28,2025-10-23T09:54:45.655431,57.0,98.8
SENSOR-0012,Warehouse-B,Humidity,10.17,2025-10-24T01:54:45.655434,76.3,84.3
SENSOR-0013,Factory-2,Vibration,1.22,2025-10-23T11:54:45.655437,21.7,84.7
SENSOR-0014,Transport-002,Vibration,87.21,2025-10-23T21:54:45.655440,90.9,63.8
SENSOR-0015,Factory-1,Temperature,82.91,2025-10-24T00:54:45.655443,24.8,57.4
SENSOR-0016,Warehouse-A,Pressure,62.19,2025-10-24T09:54:45.655446,42.5,73.1
SENSOR-0017,Factory-1,Vibration,45.76,2025-10-23T10:54:45.655449,90.7,83.9
SENSOR-0018,Warehouse-A,Humidity,17.27,2025-10-24T03:54:45.655452,20.8,57.7
SENSOR-0019,Transport-002,Pressure,86.48,2025-10-23T14:54:45.655455,33.0,94.7
SENSOR-0020,Transport-002,Pressure,30.92,2025-10-23T13:54:45.655458,57.0,72.8
SENSOR-0021,Warehouse-A,Humidity,95.67,2025-10-23T22:54:45.655461,40.4,57.3
SENSOR-0022,Warehouse-B,Humidity,83.23,2025-10-23T13:54:45.655464,26.8,85.7
SENSOR-0023,Transport-002,Pressure,72.49,2025-10-24T07:54:45.655467,79.5,95.6
SENSOR-0024,Warehouse-B,Vibration,7.16,2025-10-24T04:54:45.655470,92.9,78.3
SENSOR-0025,Transport-002,GPS,15.94,2025-10-24T06:54:45.655473,93.7,85.6
SENSOR-0026,Factory-1,Temperature,38.17,2025-10-24T00:54:45.655476,76.4,83.5
SENSOR-0027,Warehouse-B,Vibration,97.44,2025-10-23T11:54:45.655479,23.7,96.4
SENSOR-0028,Warehouse-A,GPS,95.38,2025-10-24T01:54:45.655483,36.1,68.5
SENSOR-0029,Factory-1,Humidity,45.23,2025-10-23T09:54:45.655486,83.3,69.7
SENSOR-0030,Factory-2,Vibration,51.18,2025-10-24T07:54:45.655489,91.6,86.3
SENSOR-0031,Transport-001,GPS,2.88,2025-10-23T13:54:45.655492,64.4,81.8
SENSOR-0032,Factory-2,Vibration,68.09,2025-10-24T02:54:45.655495,41.6,96.0
SENSOR-0033,Warehouse-B,Temperature,3.33,2025-10-24T09:54:45.655498,98.2,57.0
SENSOR-0034,Warehouse-A,Vibration,88.72,2025-10-23T14:54:45.655501,94.2,57.3
SENSOR-0035,Warehouse-A,Pressure,55.05,2025-10-23T15:54:45.655504,45.1,72.5
SENSOR-0036,Warehouse-A,Temperature,54.66,2025-10-24T06:54:45.655507,81.9,52.6
SENSOR-0037,Factory-2,Vibration,26.15,2025-10-24T05:54:45.655510,90.2,66.5
SENSOR-0038,Warehouse-B,Vibration,71.17,2025-10-23T16:54:45.655513,24.7,91.2
SENSOR-0039,Warehouse-B,Vibration,17.14,2025-10-24T08:54:45.655516,54.0,72.3
SENSOR-0040,Factory-1,GPS,41.17,2025-10-24T00:54:45.655519,50.1,67.4
SENSOR-0041,Warehouse-A,GPS,74.85,2025-10-23T15:54:45.655522,38.4,57.8
SENSOR-0042,Transport-002,Temperature,24.4,2025-10-23T16:54:45.655527,21.7,66.0
SENSOR-0043,Warehouse-A,Pressure,27.25,2025-10-24T08:54:45.655531,97.0,98.1
SENSOR-0044,Warehouse-B,Vibration,80.51,2025-10-23T11:54:45.655535,29.5,52.8
SENSOR-0045,Transport-001,GPS,3.62,2025-10-23T15:54:45.655537,50.5,72.3
SENSOR-0046,Transport-001,GPS,68.69,2025-10-24T03:54:45.655540,41.9,75.0
SENSOR-0047,Warehouse-A,GPS,93.73,2025-10-23T23:54:45.655543,73.7,63.9
SENSOR-0048,Factory-2,GPS,71.53,2025-10-24T02:54:45.655546,94.4,90.9
SENSOR-0049,Factory-1,Temperature,31.13,2025-10-24T04:54:45.655549,78.0,98.5
SENSOR-0050,Factory-1,Pressure,24.55,2025-10-23T10:54:45.655552,84.1,97.7
SENSOR-0051,Factory-1,Vibration,66.42,2025-10-23T22:54:45.655555,60.0,66.0
SENSOR-0052,Transport-001,Pressure,49.32,2025-10-23T15:54:45.655558,66.9,62.9
SENSOR-0053,Warehouse-B,Vibration,6.95,2025-10-24T04:54:45.655562,60.8,76.4
SENSOR-0054,Warehouse-B,Pressure,34.19,2025-10-24T09:54:45.655565,91.3,64.8
SENSOR-0055,Transport-002,Pressure,26.13,2025-10-23T19:54:45.655568,44.2,91.5
SENSOR-0056,Warehouse-B,Temperature,12.38,2025-10-23T11:54:45.655571,50.4,61.8
SENSOR-0057,Transport-002,GPS,69.31,2025-10-23T11:54:45.655574,67.4,99.0
SENSOR-0058,Warehouse-A,Vibration,17.93,2025-10-23T13:54:45.655577,91.7,63.4
SENSOR-0059,Factory-1,GPS,43.65,2025-10-23T13:54:45.655580,26.6,98.5
SENSOR-0060,Warehouse-B,Pressure,53.02,2025-10-23T19:54:45.655583,69.5,90.9
SENSOR-0061,Factory-2,Pressure,71.29,2025-10-23T14:54:45.655586,36.8,94.7
SENSOR-0062,Factory-2,Temperature,21.81,2025-10-23T16:54:45.655588,86.8,54.7
SENSOR-0063,Warehouse-A,Humidity,55.54,2025-10-24T09:54:45.655591,79.7,53.5
SENSOR-0064,Warehouse-B,Pressure,84.65,2025-10-23T17:54:45.655594,71.4,93.4
SENSOR-0065,Transport-002,Pressure,42.21,2025-10-23T10:54:45.655597,38.5,83.3
SENSOR-0066,Warehouse-A,Temperature,48.63,2025-10-24T05:54:45.655600,51.7,53.0
SENSOR-0067,Warehouse-A,Temperature,18.7,2025-10-24T05:54:45.655603,49.3,50.9
SENSOR-0068,Factory-1,GPS,53.79,2025-10-23T09:54:45.655606,44.4,59.3
SENSOR-0069,Warehouse-B,Pressure,44.01,2025-10-23T13:54:45.655609,71.4,54.8
SENSOR-0070,Transport-001,Humidity,78.51,2025-10-23T15:54:45.655612,32.1,71.6
SENSOR-0071,Factory-1,Vibration,38.8,2025-10-24T04:54:45.655614,36.9,66.3
SENSOR-0072,Transport-001,GPS,3.84,2025-10-24T09:54:45.655617,83.1,68.1
SENSOR-0073,Warehouse-A,GPS,22.87,2025-10-23T23:54:45.655620,36.4,79.0
SENSOR-0074,Factory-1,Vibration,19.96,2025-10-24T09:54:45.655623,24.1,71.1
SENSOR-0075,Factory-1,Pressure,92.07,2025-10-24T03:54:45.655626,61.9,83.0
SENSOR-0076,Warehouse-B,Temperature,87.78,2025-10-23T21:54:45.655629,64.1,51.2
SENSOR-0077,Transport-002,GPS,34.23,2025-10-24T05:54:45.655632,34.1,58.6
SENSOR-0078,Factory-2,Temperature,78.96,2025-10-23T16:54:45.655635,82.0,77.4
SENSOR-0079,Warehouse-B,Pressure,5.37,2025-10-23T09:54:45.655638,43.2,75.5
SENSOR-0080,Transport-002,Temperature,34.1,2025-10-23T21:54:45.655641,40.4,52.3
SENSOR-0081,Transport-001,Temperature,63.25,2025-10-23T19:54:45.655644,40.7,87.1
SENSOR-0082,Transport-002,Vibration,10.1,2025-10-23T19:54:45.655647,74.9,63.0
SENSOR-0083,Transport-002,GPS,92.67,2025-10-24T02:54:45.655649,77.4,84.8
SENSOR-0084,Warehouse-A,Humidity,90.26,2025-10-24T04:54:45.655652,23.2,96.8
SENSOR-0085,Factory-1,Pressure,21.24,2025-10-23T21:54:45.655655,46.8,61.1
SENSOR-0086,Transport-001,Humidity,78.66,2025-10-23T19:54:45.655658,92.0,51.3
SENSOR-0087,Transport-002,Vibration,59.07,2025-10-23T11:54:45.655661,31.8,51.7
SENSOR-0088,Transport-002,Humidity,23.24,2025-10-23T22:54:45.655664,24.7,84.9
SENSOR-0089,Warehouse-B,Humidity,17.79,2025-10-24T03:54:45.655667,42.5,83.1
SENSOR-0090,Factory-1,Pressure,51.59,2025-10-23T16:54:45.655670,57.6,90.5
SENSOR-0091,Transport-002,Humidity,44.9,2025-10-24T00:54:45.655673,70.9,84.1
SENSOR-0092,Transport-002,Humidity,55.88,2025-10-24T08:54:45.655676,33.5,72.8
SENSOR-0093,Factory-2,Temperature,61.15,2025-10-24T03:54:45.655679,21.4,86.1
SENSOR-0094,Warehouse-A,GPS,60.7,2025-10-23T16:54:45.655682,37.7,75.5
SENSOR-0095,Transport-002,Humidity,85.77,2025-10-24T06:54:45.655685,51.0,83.5
SENSOR-0096,Warehouse-B,Humidity,44.16,2025-10-24T06:54:45.655688,56.5,70.0
SENSOR-0097,Warehouse-B,Temperature,78.66,2025-10-23T19:54:45.655691,77.8,52.1
SENSOR-0098,Transport-002,Vibration,60.31,2025-10-24T05:54:45.655694,70.7,62.1
SENSOR-0099,Transport-002,Pressure,54.19,2025-10-23T14:54:45.655697,63.7,87.0
SENSOR-0100,Transport-001,Vibration,14.13,2025-10-24T03:54:45.655700,39.2,62.2
SENSOR-0101,Factory-1,Vibration,59.49,2025-10-23T11:54:45.655703,94.1,50.6
SENSOR-0102,Warehouse-B,Pressure,46.66,2025-10-23T10:54:45.655706,90.8,91.9
SENSOR-0103,Factory-2,Pressure,6.49,2025-10-23T13:54:45.655709,87.1,63.9
SENSOR-0104,Warehouse-B,Humidity,84.66,2025-10-23T15:54:45.655712,55.1,65.7
SENSOR-0105,Warehouse-B,Temperature,2.5,2025-10-23T11:54:45.655715,98.0,57.1
SENSOR-0106,Factory-1,Temperature,53.27,2025-10-24T07:54:45.655718,84.4,91.0
SENSOR-0107,Factory-1,GPS,32.96,2025-10-24T00:54:45.655720,86.0,50.8
SENSOR-0108,Warehouse-A,Vibration,97.56,2025-10-24T07:54:45.655723,74.4,72.6
SENSOR-0109,Factory-1,Vibration,76.42,2025-10-23T12:54:45.655726,41.5,83.7
SENSOR-0110,Warehouse-A,Vibration,84.62,2025-10-24T04:54:45.655729,33.9,67.2
SENSOR-0111,Warehouse-B,GPS,90.1,2025-10-24T05:54:45.655732,28.7,76.9
SENSOR-0112,Transport-002,Humidity,68.63,2025-10-23T22:54:45.655735,98.7,67.2
SENSOR-0113,Transport-002,Humidity,46.71,2025-10-24T01:54:45.655738,36.2,85.9
SENSOR-0114,Warehouse-B,GPS,0.96,2025-10-23T15:54:45.655741,50.0,60.2
SENSOR-0115,Factory-2,Humidity,83.45,2025-10-24T05:54:45.655744,28.9,93.6
SENSOR-0116,Transport-001,GPS,48.57,2025-10-23T11:54:45.655747,38.3,62.9
SENSOR-0117,Warehouse-B,Pressure,19.01,2025-10-23T13:54:45.655750,99.9,81.0
SENSOR-0118,Transport-001,Pressure,50.59,2025-10-23T23:54:45.655753,81.6,75.2
SENSOR-0119,Factory-1,Vibration,98.08,2025-10-24T06:54:45.655756,25.8,86.6
SENSOR-0120,Transport-001,Temperature,58.56,2025-10-23T21:54:45.655759,24.7,53.8
SENSOR-0121,Warehouse-B,Pressure,27.7,2025-10-24T04:54:45.655763,20.2,60.2
SENSOR-0122,Transport-002,Vibration,6.19,2025-10-24T05:54:45.655766,45.5,71.4
SENSOR-0123,Transport-002,Temperature,84.64,2025-10-24T05:54:45.655769,79.6,60.0
SENSOR-0124,Factory-1,Pressure,44.62,2025-10-23T09:54:45.655772,49.7,93.3
SENSOR-0125,Warehouse-B,Temperature,66.74,2025-10-23T16:54:45.655775,41.1,85.7
SENSOR-0126,Factory-1,Pressure,71.66,2025-10-23T12:54:45.655778,47.0,53.0
SENSOR-0127,Warehouse-B,Humidity,31.39,2025-10-24T09:54:45.655780,53.9,82.1
SENSOR-0128,Transport-001,Pressure,85.43,2025-10-24T09:54:45.655783,58.2,85.1
SENSOR-0129,Transport-002,Vibration,33.08,2025-10-23T09:54:45.655786,74.8,57.1
SENSOR-0130,Factory-1,GPS,15.28,2025-10-23T15:54:45.655789,95.6,71.0
SENSOR-0131,Factory-1,Vibration,27.05,2025-10-24T02:54:45.655792,45.9,96.0
SENSOR-0132,Factory-2,Pressure,0.78,2025-10-24T09:54:45.655795,94.9,57.9
SENSOR-0133,Warehouse-B,Humidity,13.56,2025-10-24T09:54:45.655798,68.4,56.2
SENSOR-0134,Factory-1,Vibration,86.48,2025-10-24T07:54:45.655800,45.4,84.4
SENSOR-0135,Transport-002,Temperature,4.22,2025-10-23T10:54:45.655803,77.2,92.6
SENSOR-0136,Factory-2,Humidity,72.22,2025-10-23T10:54:45.655806,29.5,96.4
SENSOR-0137,Transport-001,Temperature,73.54,2025-10-23T14:54:45.655809,24.6,69.3
SENSOR-0138,Factory-1,Vibration,35.37,2025-10-23T19:54:45.655812,37.8,81.2
SENSOR-0139,Factory-2,Humidity,48.28,2025-10-23T18:54:45.655815,91.7,83.8
SENSOR-0140,Warehouse-B,Temperature,57.28,2025-10-23T16:54:45.655818,86.4,91.6
SENSOR-0141,Factory-1,Temperature,69.59,2025-10-24T06:54:45.655820,89.5,95.0
SENSOR-0142,Transport-002,Temperature,75.58,2025-10-23T12:54:45.655823,29.2,71.6
SENSOR-0143,Factory-1,Humidity,31.0,2025-10-24T05:54:45.655826,95.0,63.7
SENSOR-0144,Transport-002,Pressure,59.6,2025-10-24T05:54:45.655829,72.2,93.4
SENSOR-0145,Warehouse-B,GPS,12.93,2025-10-24T05:54:45.655832,62.2,91.4
SENSOR-0146,Factory-2,Vibration,18.25,2025-10-24T05:54:45.655835,21.5,61.9
SENSOR-0147,Transport-001,GPS,48.62,2025-10-23T12:54:45.655838,67.5,91.2
SENSOR-0148,Factory-2,Pressure,92.13,2025-10-24T06:54:45.655840,30.0,89.9
SENSOR-0149,Factory-1,Humidity,90.68,2025-10-23T14:54:45.655843,60.6,73.3
SENSOR-0150,Warehouse-B,Temperature,0.09,2025-10-23T19:54:45.655846,27.5,85.8
SENSOR-0151,Factory-2,Temperature,51.32,2025-10-24T01:54:45.655849,89.4,67.0
SENSOR-0152,Warehouse-B,Vibration,97.76,2025-10-24T06:54:45.655852,88.5,61.9
SENSOR-0153,Transport-002,Vibration,22.87,2025-10-23T20:54:45.655855,98.6,83.9
SENSOR-0154,Transport-001,Vibration,53.94,2025-10-23T15:54:45.655858,36.4,61.7
SENSOR-0155,Factory-2,Humidity,96.12,2025-10-23T21:54:45.655860,70.7,66.8
SENSOR-0156,Transport-001,GPS,54.89,2025-10-24T08:54:45.655863,22.6,69.0
SENSOR-0157,Factory-2,Pressure,55.74,2025-10-23T23:54:45.655867,35.2,85.0
SENSOR-0158,Factory-1,Vibration,84.93,2025-10-24T00:54:45.655870,77.3,54.7
SENSOR-0159,Transport-001,Pressure,49.04,2025-10-23T19:54:45.655873,98.4,96.6
SENSOR-0160,Factory-2,Temperature,26.86,2025-10-23T15:54:45.655875,99.9,69.9
SENSOR-0161,Factory-2,Humidity,27.52,2025-10-24T08:54:45.655879,59.9,93.5
SENSOR-0162,Factory-1,Pressure,3.85,2025-10-24T05:54:45.655882,87.0,90.5
SENSOR-0163,Transport-002,GPS,89.42,2025-10-23T10:54:45.655884,76.5,50.9
SENSOR-0164,Factory-1,Vibration,85.3,2025-10-23T14:54:45.655889,20.5,94.2
SENSOR-0165,Transport-001,Humidity,62.57,2025-10-24T04:54:45.655892,27.2,50.7
SENSOR-0166,Factory-1,Humidity,86.3,2025-10-24T01:54:45.655895,79.6,73.1
SENSOR-0167,Factory-1,Vibration,19.22,2025-10-23T14:54:45.655898,46.8,85.6
SENSOR-0168,Warehouse-B,Temperature,14.32,2025-10-23T12:54:45.655900,67.3,65.5
SENSOR-0169,Transport-001,Pressure,64.68,2025-10-23T20:54:45.655903,56.2,89.7
SENSOR-0170,Factory-2,Vibration,7.38,2025-10-24T09:54:45.655906,82.3,72.3
SENSOR-0171,Factory-2,Humidity,33.43,2025-10-23T19:54:45.655909,76.4,98.7
SENSOR-0172,Factory-2,GPS,45.55,2025-10-23T19:54:45.655912,35.6,80.5
SENSOR-0173,Transport-001,Humidity,41.76,2025-10-23T18:54:45.655914,96.5,52.4
SENSOR-0174,Factory-1,Humidity,73.4,2025-10-24T02:54:45.655917,21.8,91.9
SENSOR-0175,Transport-001,Temperature,42.55,2025-10-23T09:54:45.655920,90.2,82.7
SENSOR-0176,Factory-1,Temperature,47.3,2025-10-23T15:54:45.655923,68.0,67.7
SENSOR-0177,Transport-002,Humidity,49.14,2025-10-24T02:54:45.655926,60.6,52.7
SENSOR-0178,Warehouse-B,Humidity,31.2,2025-10-24T03:54:45.655928,64.5,76.0
SENSOR-0179,Transport-001,Humidity,37.55,2025-10-23T21:54:45.655931,75.8,74.4
SENSOR-0180,Transport-002,Humidity,60.59,2025-10-23T16:54:45.655934,70.1,56.3
SENSOR-0181,Factory-1,Humidity,65.15,2025-10-23T10:54:45.655938,23.2,51.4
SENSOR-0182,Warehouse-A,GPS,72.3,2025-10-23T22:54:45.655941,75.5,80.4
SENSOR-0183,Warehouse-B,Humidity,83.33,2025-10-23T19:54:45.655944,48.6,74.6
SENSOR-0184,Transport-002,Temperature,89.91,2025-10-23T11:54:45.655946,91.9,52.0
SENSOR-0185,Factory-2,Vibration,83.26,2025-10-23T13:54:45.655949,96.1,99.0
SENSOR-0186,Factory-1,GPS,62.08,2025-10-23T19:54:45.655952,34.6,86.0
SENSOR-0187,Transport-001,Vibration,6.08,2025-10-24T08:54:45.655955,39.5,96.9
SENSOR-0188,Transport-002,Pressure,16.77,2025-10-23T09:54:45.655958,90.4,77.8
SENSOR-0189,Factory-2,Vibration,59.86,2025-10-23T18:54:45.655960,69.5,60.3
SENSOR-0190,Transport-002,Vibration,40.96,2025-10-23T23:54:45.655963,20.7,63.1
SENSOR-0191,Warehouse-A,Humidity,93.75,2025-10-23T09:54:45.655966,53.6,67.4
SENSOR-0192,Transport-001,Humidity,56.39,2025-10-23T23:54:45.655969,23.0,71.0
SENSOR-0193,Warehouse-B,Pressure,11.18,2025-10-23T19:54:45.655971,57.4,88.4
SENSOR-0194,Transport-001,Humidity,23.82,2025-10-24T04:54:45.655974,47.7,54.9
SENSOR-0195,Transport-002,Pressure,79.73,2025-10-23T19:54:45.655977,22.7,97.7
SENSOR-0196,Factory-1,Pressure,49.03,2025-10-23T22:54:45.655980,44.2,83.4
SENSOR-0197,Factory-2,GPS,5.07,2025-10-23T22:54:45.655982,48.0,50.3
SENSOR-0198,Warehouse-B,Pressure,7.3,2025-10-23T10:54:45.655985,97.8,52.4
SENSOR-0199,Warehouse-B,Temperature,0.58,2025-10-23T22:54:45.655989,31.0,66.4
SENSOR-0200,Transport-002,Pressure,77.56,2025-10-23T11:54:45.655992,23.3,72.0
SENSOR-0201,Factory-2,GPS,14.96,2025-10-23T22:54:45.655995,87.9,55.1
SENSOR-0202,Transport-001,Humidity,27.39,2025-10-24T09:54:45.655997,93.2,58.8
SENSOR-0203,Factory-2,Humidity,97.58,2025-10-24T09:54:45.656000,92.8,91.8
SENSOR-0204,Warehouse-B,Vibration,48.09,2025-10-24T02:54:45.656003,85.4,78.1
SENSOR-0205,Warehouse-B,Humidity,36.08,2025-10-24T01:54:45.656006,46.6,51.8
SENSOR-0206,Warehouse-A,Temperature,61.41,2025-10-23T09:54:45.656009,46.4,56.5
SENSOR-0207,Transport-002,GPS,11.21,2025-10-23T13:54:45.656011,66.6,74.8
SENSOR-0208,Factory-2,GPS,72.16,2025-10-23T23:54:45.656014,56.1,88.0
SENSOR-0209,Factory-2,Humidity,82.75,2025-10-24T08:54:45.656017,38.2,93.2
SENSOR-0210,Warehouse-B,Humidity,29.63,2025-10-24T04:54:45.656020,83.2,70.1
SENSOR-0211,Warehouse-B,Vibration,74.13,2025-10-23T14:54:45.656022,27.1,71.5
SENSOR-0212,Transport-002,Vibration,31.28,2025-10-24T08:54:45.656027,42.4,73.9
SENSOR-0213,Factory-1,GPS,38.93,2025-10-23T11:54:45.656030,74.7,60.2
SENSOR-0214,Factory-1,Pressure,36.0,2025-10-24T04:54:45.656032,25.0,81.3
SENSOR-0215,Transport-001,Vibration,48.08,2025-10-23T23:54:45.656035,29.3,96.8
SENSOR-0216,Warehouse-A,Vibration,47.4,2025-10-23T20:54:45.656040,91.6,58.2
SENSOR-0217,Factory-1,Humidity,37.77,2025-10-23T15:54:45.656044,85.2,55.8
SENSOR-0218,Transport-002,Pressure,52.05,2025-10-24T08:54:45.656047,68.7,56.6
SENSOR-0219,Factory-2,Temperature,37.27,2025-10-23T11:54:45.656051,80.7,70.0
SENSOR-0220,Transport-001,Humidity,52.28,2025-10-23T19:54:45.656054,81.6,75.9
SENSOR-0221,Warehouse-B,Humidity,49.44,2025-10-23T23:54:45.656058,32.4,82.2
SENSOR-0222,Transport-001,Vibration,92.84,2025-10-23T19:54:45.656060,55.9,60.2
SENSOR-0223,Factory-2,Humidity,8.25,2025-10-24T00:54:45.656063,87.1,63.3
SENSOR-0224,Transport-002,Humidity,34.96,2025-10-23T15:54:45.656066,47.6,89.1
SENSOR-0225,Warehouse-B,Humidity,17.34,2025-10-23T09:54:45.656069,74.6,94.8
SENSOR-0226,Warehouse-A,GPS,12.84,2025-10-24T07:54:45.656072,85.2,96.7
SENSOR-0227,Transport-002,Vibration,46.58,2025-10-24T06:54:45.656075,44.4,98.1
SENSOR-0228,Transport-001,Vibration,69.94,2025-10-24T04:54:45.656078,96.0,67.5
SENSOR-0229,Transport-002,Humidity,91.55,2025-10-23T13:54:45.656081,51.4,71.3
SENSOR-0230,Transport-001,Temperature,8.03,2025-10-24T03:54:45.656084,74.7,90.4
SENSOR-0231,Transport-002,Pressure,30.71,2025-10-23T09:54:45.656087,91.5,61.9
SENSOR-0232,Transport-002,Temperature,46.46,2025-10-24T02:54:45.656089,60.1,67.2
SENSOR-0233,Factory-2,Pressure,17.6,2025-10-24T03:54:45.656092,94.4,74.5
SENSOR-0234,Factory-1,Temperature,44.91,2025-10-24T01:54:45.656095,51.0,82.5
SENSOR-0235,Transport-002,Humidity,3.45,2025-10-24T06:54:45.656098,85.4,51.7
SENSOR-0236,Factory-2,Vibration,62.26,2025-10-23T14:54:45.656100,87.1,66.1
SENSOR-0237,Factory-2,GPS,21.2,2025-10-24T08:54:45.656103,78.8,81.6
SENSOR-0238,Warehouse-B,Pressure,44.49,2025-10-24T01:54:45.656106,20.3,81.3
SENSOR-0239,Factory-1,GPS,39.91,2025-10-24T06:54:45.656109,30.1,69.7
SENSOR-0240,Factory-1,Humidity,36.13,2025-10-23T19:54:45.656111,83.4,89.1
SENSOR-0241,Transport-002,Vibration,58.69,2025-10-24T07:54:45.656114,53.8,82.2
SENSOR-0242,Transport-002,Temperature,7.72,2025-10-23T14:54:45.656117,74.9,83.2
SENSOR-0243,Transport-002,Vibration,86.85,2025-10-23T13:54:45.656120,26.1,61.7
SENSOR-0244,Warehouse-A,Pressure,90.28,2025-10-23T12:54:45.656122,73.1,72.2
SENSOR-0245,Transport-002,Pressure,7.31,2025-10-23T23:54:45.656125,44.5,85.4
SENSOR-0246,Warehouse-A,Vibration,31.19,2025-10-23T12:54:45.656128,82.6,97.8
SENSOR-0247,Factory-2,Temperature,93.83,2025-10-23T20:54:45.656131,74.4,52.7
SENSOR-0248,Factory-1,Humidity,36.88,2025-10-24T01:54:45.656133,21.3,69.0
SENSOR-0249,Transport-001,GPS,24.85,2025-10-23T21:54:45.656136,63.4,57.3
SENSOR-0250,Transport-002,Vibration,88.85,2025-10-24T05:54:45.656139,22.1,73.1
SENSOR-0251,Factory-1,Pressure,87.34,2025-10-23T14:54:45.656142,88.6,90.6
SENSOR-0252,Warehouse-B,GPS,81.81,2025-10-23T11:54:45.656144,54.5,72.2
SENSOR-0253,Transport-001,Humidity,51.25,2025-10-23T12:54:45.656147,66.3,82.7
SENSOR-0254,Transport-002,Pressure,55.89,2025-10-24T07:54:45.656150,36.7,69.9
SENSOR-0255,Factory-1,Pressure,81.62,2025-10-23T15:54:45.656153,53.4,62.2
SENSOR-0256,Transport-002,Vibration,91.09,2025-10-23T16:54:45.656156,70.9,68.3
SENSOR-0257,Transport-002,Humidity,84.35,2025-10-23T17:54:45.656159,53.6,91.6
SENSOR-0258,Transport-001,Temperature,59.14,2025-10-24T03:54:45.656161,75.9,91.8
SENSOR-0259,Factory-2,Temperature,80.42,2025-10-23T15:54:45.656164,82.7,86.3
SENSOR-0260,Warehouse-B,Pressure,88.53,2025-10-23T20:54:45.656167,88.6,73.6
SENSOR-0261,Factory-2,GPS,42.13,2025-10-23T12:54:45.656170,56.2,81.1
SENSOR-0262,Factory-1,Vibration,97.47,2025-10-23T17:54:45.656173,22.5,63.5
SENSOR-0263,Factory-2,Pressure,91.42,2025-10-24T06:54:45.656176,30.1,58.2
SENSOR-0264,Warehouse-B,Vibration,20.38,2025-10-24T01:54:45.656178,31.0,60.7
SENSOR-0265,Factory-1,Temperature,38.75,2025-10-23T12:54:45.656181,79.3,89.9
SENSOR-0266,Factory-1,Pressure,91.06,2025-10-23T21:54:45.656184,31.0,98.0
SENSOR-0267,Transport-002,Vibration,4.73,2025-10-23T21:54:45.656187,67.9,74.0
SENSOR-0268,Factory-1,GPS,82.84,2025-10-23T22:54:45.656190,20.6,72.8
SENSOR-0269,Transport-001,Vibration,4.63,2025-10-23T16:54:45.656192,41.2,66.4
SENSOR-0270,Factory-2,Temperature,53.25,2025-10-23T21:54:45.656195,56.8,58.2
SENSOR-0271,Factory-1,Humidity,87.69,2025-10-23T13:54:45.656198,63.2,77.9
SENSOR-0272,Warehouse-B,Temperature,31.39,2025-10-23T17:54:45.656201,20.9,59.3
SENSOR-0273,Transport-002,Vibration,48.17,2025-10-23T17:54:45.656204,21.9,65.5
SENSOR-0274,Warehouse-B,Temperature,87.69,2025-10-24T05:54:45.656206,63.5,70.0
SENSOR-0275,Transport-001,Humidity,88.67,2025-10-24T02:54:45.656209,71.0,82.8
SENSOR-0276,Warehouse-A,GPS,40.87,2025-10-23T13:54:45.656212,60.6,97.2
SENSOR-0277,Factory-1,Pressure,19.29,2025-10-24T01:54:45.656216,21.0,82.7
SENSOR-0278,Transport-001,Pressure,4.33,2025-10-24T08:54:45.656219,45.0,52.8
SENSOR-0279,Warehouse-B,Humidity,99.89,2025-10-24T06:54:45.656222,54.7,73.8
SENSOR-0280,Factory-1,Vibration,0.02,2025-10-23T21:54:45.656225,91.7,75.8
SENSOR-0281,Factory-1,Pressure,10.39,2025-10-23T12:54:45.656227,61.6,61.9
SENSOR-0282,Factory-1,Pressure,75.71,2025-10-23T11:54:45.656230,27.7,68.9
SENSOR-0283,Warehouse-A,GPS,76.99,2025-10-23T22:54:45.656233,63.8,91.2
SENSOR-0284,Transport-002,Pressure,34.83,2025-10-24T09:54:45.656236,95.5,60.1
SENSOR-0285,Transport-002,GPS,58.7,2025-10-23T10:54:45.656238,66.1,81.1
SENSOR-0286,Warehouse-A,GPS,51.56,2025-10-23T17:54:45.656241,62.1,69.5
SENSOR-0287,Transport-002,Humidity,90.37,2025-10-23T14:54:45.656244,25.2,67.8
SENSOR-0288,Transport-001,Pressure,90.89,2025-10-23T20:54:45.656247,58.3,71.8
SENSOR-0289,Warehouse-B,Temperature,73.31,2025-10-24T05:54:45.656250,35.2,53.9
SENSOR-0290,Warehouse-B,GPS,69.07,2025-10-24T01:54:45.656253,20.1,77.6
SENSOR-0291,Warehouse-A,Temperature,98.89,2025-10-23T14:54:45.656255,36.3,53.1
SENSOR-0292,Transport-001,Pressure,11.17,2025-10-23T17:54:45.656258,83.1,76.5
SENSOR-0293,Transport-001,Humidity,99.38,2025-10-23T23:54:45.656261,72.9,60.1
SENSOR-0294,Warehouse-B,Temperature,80.36,2025-10-24T06:54:45.656264,23.0,63.7
SENSOR-0295,Warehouse-B,Vibration,35.54,2025-10-23T09:54:45.656266,70.4,89.7
SENSOR-0296,Transport-002,Vibration,3.67,2025-10-23T14:54:45.656269,67.1,51.9
SENSOR-0297,Warehouse-A,Vibration,82.07,2025-10-24T03:54:45.656272,33.9,69.0
SENSOR-0298,Transport-001,Humidity,59.51,2025-10-23T18:54:45.656275,38.2,54.8
SENSOR-0299,Warehouse-A,Temperature,58.76,2025-10-23T09:54:45.656278,88.6,69.4
SENSOR-0300,Transport-002,Humidity,51.54,2025-10-23T14:54:45.656280,96.3,86.7
SENSOR-0301,Warehouse-B,Humidity,87.84,2025-10-23T18:54:45.656283,62.8,93.2
SENSOR-0302,Factory-2,Temperature,75.62,2025-10-24T09:54:45.656286,96.6,86.9
SENSOR-0303,Factory-2,Vibration,54.2,2025-10-24T04:54:45.656289,25.0,78.4
SENSOR-0304,Transport-001,Pressure,13.83,2025-10-24T02:54:45.656291,71.6,52.8
SENSOR-0305,Factory-2,Pressure,82.06,2025-10-24T05:54:45.656294,83.1,82.1
SENSOR-0306,Factory-1,Vibration,33.04,2025-10-23T10:54:45.656297,28.6,75.3
SENSOR-0307,Warehouse-B,Temperature,60.44,2025-10-23T19:54:45.656300,90.8,85.6
SENSOR-0308,Transport-001,GPS,25.77,2025-10-24T05:54:45.656304,52.0,73.2
SENSOR-0309,Warehouse-B,Humidity,53.83,2025-10-23T20:54:45.656307,74.0,95.6
SENSOR-0310,Transport-001,GPS,64.98,2025-10-23T11:54:45.656310,69.1,69.8
SENSOR-0311,Warehouse-B,Temperature,65.5,2025-10-24T07:54:45.656313,87.2,69.2
SENSOR-0312,Warehouse-B,Temperature,83.69,2025-10-23T21:54:45.656316,45.3,80.1
SENSOR-0313,Transport-001,GPS,4.87,2025-10-23T11:54:45.656318,44.1,74.7
SENSOR-0314,Factory-2,Vibration,69.21,2025-10-24T01:54:45.656321,52.9,98.1
SENSOR-0315,Warehouse-A,Temperature,62.76,2025-10-24T08:54:45.656324,50.8,60.9
SENSOR-0316,Transport-002,Temperature,99.58,2025-10-23T13:54:45.656327,90.4,77.8
SENSOR-0317,Factory-2,Humidity,23.7,2025-10-23T15:54:45.656330,81.9,78.0
SENSOR-0318,Warehouse-B,Temperature,36.98,2025-10-23T14:54:45.656333,73.7,90.6
SENSOR-0319,Factory-1,Humidity,31.12,2025-10-24T09:54:45.656335,94.1,77.1
SENSOR-0320,Factory-2,Vibration,86.92,2025-10-24T07:54:45.656338,68.3,72.0
SENSOR-0321,Factory-2,Humidity,58.42,2025-10-24T00:54:45.656341,45.5,75.0
SENSOR-0322,Factory-2,Vibration,36.97,2025-10-23T10:54:45.656344,90.3,56.9
SENSOR-0323,Factory-1,Temperature,55.1,2025-10-23T15:54:45.656346,26.8,77.3
SENSOR-0324,Factory-2,Temperature,88.97,2025-10-23T21:54:45.656349,35.5,69.5
SENSOR-0325,Transport-002,Humidity,52.57,2025-10-23T21:54:45.656352,67.0,59.8
SENSOR-0326,Factory-1,Temperature,82.34,2025-10-23T21:54:45.656355,80.6,70.7
SENSOR-0327,Factory-1,Temperature,40.37,2025-10-23T18:54:45.656357,85.3,61.8
SENSOR-0328,Factory-1,GPS,59.95,2025-10-23T18:54:45.656360,84.0,68.0
SENSOR-0329,Transport-001,Vibration,69.93,2025-10-24T00:54:45.656363,25.7,79.4
SENSOR-0330,Factory-1,Temperature,79.32,2025-10-24T08:54:45.656366,24.9,85.9
SENSOR-0331,Warehouse-B,Humidity,37.77,2025-10-24T04:54:45.656369,44.9,63.7
SENSOR-0332,Factory-1,Temperature,50.26,2025-10-24T03:54:45.656371,96.3,100.0
SENSOR-0333,Transport-001,GPS,22.68,2025-10-23T14:54:45.656374,72.1,87.3
SENSOR-0334,Transport-002,Pressure,37.59,2025-10-23T23:54:45.656377,54.9,50.7
SENSOR-0335,Transport-002,Temperature,0.41,2025-10-23T09:54:45.656380,38.7,97.3
SENSOR-0336,Factory-2,Temperature,23.76,2025-10-23T11:54:45.656383,98.5,76.2
SENSOR-0337,Warehouse-A,Humidity,1.03,2025-10-24T03:54:45.656386,64.6,65.2
SENSOR-0338,Transport-002,Humidity,90.62,2025-10-23T13:54:45.656399,84.7,81.3
SENSOR-0339,Factory-2,Pressure,16.59,2025-10-23T12:54:45.656402,49.9,86.1
SENSOR-0340,Factory-2,Pressure,70.67,2025-10-24T07:54:45.656405,69.1,96.0
SENSOR-0341,Warehouse-A,GPS,32.76,2025-10-24T07:54:45.656408,61.2,89.0
SENSOR-0342,Factory-2,GPS,75.03,2025-10-24T01:54:45.656411,42.4,99.4
SENSOR-0343,Warehouse-B,Temperature,92.0,2025-10-24T04:54:45.656414,59.0,61.2
SENSOR-0344,Factory-1,Pressure,6.39,2025-10-24T04:54:45.656416,37.4,56.9
SENSOR-0345,Factory-2,Vibration,99.35,2025-10-23T20:54:45.656419,95.2,96.8
SENSOR-0346,Transport-001,Temperature,3.33,2025-10-24T02:54:45.656422,54.4,71.9
SENSOR-0347,Factory-2,Vibration,60.51,2025-10-23T15:54:45.656425,79.0,80.7
SENSOR-0348,Warehouse-A,GPS,93.84,2025-10-23T18:54:45.656427,51.3,83.5
SENSOR-0349,Factory-1,Humidity,48.48,2025-10-23T12:54:45.656430,32.3,57.8
SENSOR-0350,Factory-1,Humidity,24.42,2025-10-24T06:54:45.656433,32.9,83.3
SENSOR-0351,Transport-002,Vibration,13.91,2025-10-23T17:54:45.656436,79.8,57.9
SENSOR-0352,Factory-2,Vibration,8.29,2025-10-24T08:54:45.656438,21.1,72.7
SENSOR-0353,Factory-1,Pressure,32.99,2025-10-24T00:54:45.656441,85.5,62.0
SENSOR-0354,Transport-002,Vibration,48.62,2025-10-23T18:54:45.656444,94.7,68.8
SENSOR-0355,Transport-001,GPS,48.69,2025-10-23T20:54:45.656448,85.0,85.8
SENSOR-0356,Transport-002,Humidity,97.83,2025-10-23T13:54:45.656451,95.6,74.4
SENSOR-0357,Transport-002,Pressure,85.91,2025-10-23T22:54:45.656454,81.6,72.4
SENSOR-0358,Transport-001,Pressure,62.33,2025-10-23T22:54:45.656457,56.2,63.7
SENSOR-0359,Factory-1,Temperature,15.53,2025-10-23T17:54:45.656459,78.1,51.7
SENSOR-0360,Factory-2,Humidity,35.81,2025-10-23T12:54:45.656462,39.2,78.5
SENSOR-0361,Transport-002,GPS,48.71,2025-10-24T03:54:45.656465,99.6,87.7
SENSOR-0362,Transport-002,Vibration,76.75,2025-10-24T02:54:45.656468,38.8,89.3
SENSOR-0363,Warehouse-B,GPS,24.5,2025-10-24T03:54:45.656470,82.7,62.6
SENSOR-0364,Transport-001,Humidity,58.54,2025-10-24T08:54:45.656473,75.4,74.1
SENSOR-0365,Factory-2,Temperature,62.14,2025-10-23T22:54:45.656476,34.8,72.7
SENSOR-0366,Factory-2,GPS,13.2,2025-10-23T22:54:45.656479,69.1,67.4
SENSOR-0367,Transport-001,GPS,35.77,2025-10-23T15:54:45.656482,96.7,75.2
SENSOR-0368,Warehouse-B,Vibration,44.54,2025-10-23T16:54:45.656486,48.4,68.4
SENSOR-0369,Transport-002,Pressure,39.07,2025-10-24T05:54:45.656489,51.0,70.3
SENSOR-0370,Transport-001,Vibration,94.99,2025-10-24T05:54:45.656492,54.9,80.7
SENSOR-0371,Transport-001,Temperature,89.46,2025-10-24T08:54:45.656495,66.4,84.0
SENSOR-0372,Warehouse-A,GPS,55.56,2025-10-23T22:54:45.656498,38.7,80.0
SENSOR-0373,Warehouse-A,Temperature,49.2,2025-10-23T10:54:45.656500,96.9,70.5
SENSOR-0374,Warehouse-A,Pressure,51.74,2025-10-24T02:54:45.656503,49.6,83.9
SENSOR-0375,Transport-002,Temperature,74.5,2025-10-23T11:54:45.656506,57.2,81.2
SENSOR-0376,Warehouse-B,Humidity,67.81,2025-10-24T09:54:45.656509,46.2,96.9
SENSOR-0377,Transport-002,GPS,52.04,2025-10-23T18:54:45.656511,80.9,94.1
SENSOR-0378,Factory-2,Humidity,59.34,2025-10-23T12:54:45.656514,42.2,65.8
SENSOR-0379,Warehouse-A,Humidity,32.91,2025-10-24T05:54:45.656517,41.2,86.0
SENSOR-0380,Factory-2,Vibration,2.1,2025-10-23T20:54:45.656520,76.0,75.4
SENSOR-0381,Warehouse-B,Pressure,92.51,2025-10-23T21:54:45.656524,40.1,75.5
SENSOR-0382,Warehouse-B,Pressure,88.09,2025-10-23T13:54:45.656527,61.2,55.6
SENSOR-0383,Warehouse-A,Humidity,49.97,2025-10-24T00:54:45.656530,43.1,62.1
SENSOR-0384,Factory-2,Humidity,94.5,2025-10-23T11:54:45.656533,68.9,64.3
SENSOR-0385,Transport-001,Humidity,72.47,2025-10-23T22:54:45.656535,68.7,52.6
SENSOR-0386,Transport-001,Temperature,60.34,2025-10-24T07:54:45.656538,24.9,71.3
SENSOR-0387,Transport-001,Vibration,40.1,2025-10-24T01:54:45.656541,35.3,80.1
SENSOR-0388,Transport-001,Humidity,14.33,2025-10-23T12:54:45.656544,21.9,97.1
SENSOR-0389,Factory-2,Pressure,67.28,2025-10-24T03:54:45.656546,34.5,70.6
SENSOR-0390,Warehouse-A,Temperature,57.11,2025-10-24T03:54:45.656549,72.3,53.4
SENSOR-0391,Warehouse-A,Humidity,76.16,2025-10-24T06:54:45.656552,77.4,59.2
SENSOR-0392,Warehouse-A,Temperature,26.1,2025-10-23T16:54:45.656555,44.5,72.4
SENSOR-0393,Transport-002,Humidity,70.8,2025-10-23T21:54:45.656558,58.0,73.1
SENSOR-0394,Factory-2,Pressure,78.23,2025-10-24T09:54:45.656560,75.7,90.7
SENSOR-0395,Factory-1,Vibration,7.33,2025-10-23T20:54:45.656563,58.7,86.3
SENSOR-0396,Factory-1,GPS,66.62,2025-10-24T07:54:45.656566,26.2,62.0
SENSOR-0397,Warehouse-A,Humidity,65.8,2025-10-23T11:54:45.656569,95.4,70.0
SENSOR-0398,Transport-002,GPS,95.8,2025-10-23T13:54:45.656571,20.5,53.2
SENSOR-0399,Transport-001,Vibration,22.21,2025-10-23T13:54:45.656575,84.5,94.2
SENSOR-0400,Warehouse-A,Vibration,40.97,2025-10-23T15:54:45.656577,53.9,54.3
SENSOR-0401,Transport-002,Vibration,23.34,2025-10-24T06:54:45.656580,29.5,96.0
SENSOR-0402,Warehouse-B,Pressure,31.25,2025-10-23T16:54:45.656583,88.9,57.3
SENSOR-0403,Warehouse-B,Humidity,70.12,2025-10-24T06:54:45.656586,88.5,65.0
SENSOR-0404,Transport-002,Pressure,82.97,2025-10-23T09:54:45.656588,36.3,83.6
SENSOR-0405,Factory-2,Vibration,56.13,2025-10-23T23:54:45.656591,83.5,59.8
SENSOR-0406,Transport-002,Humidity,43.26,2025-10-23T22:54:45.656594,32.8,92.1
SENSOR-0407,Factory-1,Vibration,76.71,2025-10-23T09:54:45.656597,20.8,89.9
SENSOR-0408,Transport-002,GPS,37.01,2025-10-23T18:54:45.656600,67.9,60.8
SENSOR-0409,Warehouse-A,Temperature,45.88,2025-10-24T06:54:45.656602,21.8,94.4
SENSOR-0410,Transport-002,Pressure,40.71,2025-10-23T21:54:45.656605,32.7,62.4
SENSOR-0411,Factory-2,Pressure,1.95,2025-10-23T16:54:45.656608,40.9,77.1
SENSOR-0412,Factory-2,GPS,68.35,2025-10-24T07:54:45.656611,50.3,72.6
SENSOR-0413,Factory-2,Temperature,72.46,2025-10-23T23:54:45.656614,81.8,60.3
SENSOR-0414,Warehouse-A,Vibration,38.97,2025-10-23T13:54:45.656616,44.0,57.1
SENSOR-0415,Transport-001,Vibration,23.58,2025-10-23T09:54:45.656619,66.8,57.1
SENSOR-0416,Factory-1,Pressure,53.51,2025-10-24T02:54:45.656622,49.3,80.2
SENSOR-0417,Transport-002,Pressure,48.7,2025-10-23T10:54:45.656625,22.5,71.6
SENSOR-0418,Transport-001,Vibration,92.11,2025-10-23T23:54:45.656627,30.0,95.9
SENSOR-0419,Transport-002,Temperature,11.34,2025-10-24T00:54:45.656630,35.0,89.5
SENSOR-0420,Warehouse-A,GPS,71.61,2025-10-24T01:54:45.656633,58.0,94.1
SENSOR-0421,Factory-2,GPS,26.46,2025-10-24T03:54:45.656636,90.7,60.6
SENSOR-0422,Warehouse-A,GPS,80.47,2025-10-24T04:54:45.656639,66.8,54.8
SENSOR-0423,Factory-1,Temperature,46.28,2025-10-23T21:54:45.656641,72.1,62.2
SENSOR-0424,Transport-001,Vibration,39.24,2025-10-24T06:54:45.656644,60.7,94.4
SENSOR-0425,Factory-2,Humidity,29.36,2025-10-23T20:54:45.656647,68.4,93.2
SENSOR-0426,Factory-2,Pressure,91.68,2025-10-24T03:54:45.656650,30.3,96.2
SENSOR-0427,Warehouse-B,Humidity,10.44,2025-10-23T16:54:45.656652,65.0,67.6
SENSOR-0428,Transport-001,Humidity,19.52,2025-10-24T08:54:45.656655,38.1,95.6
SENSOR-0429,Factory-1,Temperature,72.35,2025-10-23T16:54:45.656658,43.0,71.0
SENSOR-0430,Warehouse-B,Humidity,43.87,2025-10-23T14:54:45.656661,37.4,89.4
SENSOR-0431,Warehouse-B,Pressure,21.02,2025-10-24T07:54:45.656663,91.5,83.5
SENSOR-0432,Warehouse-B,Temperature,17.96,2025-10-24T06:54:45.656666,34.8,82.8
SENSOR-0433,Factory-1,Vibration,36.87,2025-10-24T06:54:45.656670,67.9,59.3
SENSOR-0434,Transport-002,Temperature,18.4,2025-10-24T08:54:45.656673,39.3,79.2
SENSOR-0435,Factory-2,Pressure,4.19,2025-10-23T09:54:45.656676,44.2,82.7
SENSOR-0436,Factory-1,GPS,71.37,2025-10-24T00:54:45.656680,61.5,77.4
SENSOR-0437,Transport-001,Temperature,91.14,2025-10-24T07:54:45.656683,79.3,67.1
SENSOR-0438,Warehouse-B,Vibration,77.26,2025-10-23T12:54:45.656686,35.6,74.0
SENSOR-0439,Warehouse-A,GPS,45.32,2025-10-23T13:54:45.656688,44.1,59.5
SENSOR-0440,Factory-2,GPS,96.82,2025-10-24T06:54:45.656691,99.7,54.8
SENSOR-0441,Warehouse-A,Temperature,11.41,2025-10-23T17:54:45.656694,55.2,86.1
SENSOR-0442,Transport-001,Vibration,27.46,2025-10-23T17:54:45.656697,89.8,95.1
SENSOR-0443,Transport-001,GPS,4.1,2025-10-24T07:54:45.656700,42.6,63.6
SENSOR-0444,Transport-001,Vibration,27.18,2025-10-23T19:54:45.656703,97.7,56.8
SENSOR-0445,Factory-2,Pressure,94.58,2025-10-24T01:54:45.656705,48.3,92.9
SENSOR-0446,Transport-002,Temperature,3.72,2025-10-23T23:54:45.656708,35.4,71.3
SENSOR-0447,Transport-001,GPS,17.53,2025-10-23T18:54:45.656711,60.7,71.8
SENSOR-0448,Factory-2,GPS,47.78,2025-10-23T12:54:45.656714,60.0,53.0
SENSOR-0449,Warehouse-B,Humidity,40.03,2025-10-23T22:54:45.656717,57.8,91.7
SENSOR-0450,Warehouse-B,Humidity,65.16,2025-10-23T10:54:45.656720,81.8,78.5
SENSOR-0451,Warehouse-B,Humidity,63.82,2025-10-24T06:54:45.656722,81.9,81.8
SENSOR-0452,Warehouse-A,Temperature,63.9,2025-10-23T18:54:45.656725,40.5,98.1
SENSOR-0453,Transport-001,Temperature,25.14,2025-10-23T15:54:45.656728,98.1,92.9
SENSOR-0454,Warehouse-A,Vibration,64.12,2025-10-23T10:54:45.656731,78.3,60.4
SENSOR-0455,Factory-1,Temperature,93.83,2025-10-24T01:54:45.656733,99.2,53.4
SENSOR-0456,Transport-002,Humidity,69.99,2025-10-24T01:54:45.656736,84.8,85.2
SENSOR-0457,Transport-002,Temperature,66.87,2025-10-23T14:54:45.656739,97.6,59.7
SENSOR-0458,Warehouse-A,GPS,39.17,2025-10-23T18:54:45.656742,63.7,84.6
SENSOR-0459,Transport-002,Pressure,20.57,2025-10-24T08:54:45.656745,28.7,74.3
SENSOR-0460,Factory-2,Vibration,59.52,2025-10-24T06:54:45.656747,55.1,99.2
SENSOR-0461,Transport-002,Vibration,11.96,2025-10-24T07:54:45.656751,56.2,62.1
SENSOR-0462,Transport-002,GPS,93.12,2025-10-24T05:54:45.656753,74.1,81.9
SENSOR-0463,Transport-002,GPS,44.39,2025-10-24T08:54:45.656756,86.8,70.5
SENSOR-0464,Warehouse-B,Humidity,89.37,2025-10-23T18:54:45.656759,79.3,75.8
SENSOR-0465,Factory-2,GPS,46.82,2025-10-23T09:54:45.656762,70.8,68.2
SENSOR-0466,Transport-001,Humidity,42.79,2025-10-23T09:54:45.656765,34.8,76.3
SENSOR-0467,Transport-002,Humidity,34.71,2025-10-23T17:54:45.656767,61.8,83.5
SENSOR-0468,Warehouse-B,Humidity,84.81,2025-10-24T01:54:45.656770,88.6,88.9
SENSOR-0469,Transport-002,Temperature,3.02,2025-10-24T07:54:45.656773,91.8,84.6
SENSOR-0470,Transport-001,GPS,3.11,2025-10-24T08:54:45.656776,75.2,52.5
SENSOR-0471,Factory-1,Pressure,88.31,2025-10-24T01:54:45.656779,34.0,88.3
SENSOR-0472,Warehouse-A,Humidity,92.17,2025-10-24T07:54:45.656781,42.7,74.8
SENSOR-0473,Warehouse-B,Vibration,84.76,2025-10-23T11:54:45.656784,78.9,53.3
SENSOR-0474,Warehouse-A,Temperature,65.02,2025-10-24T05:54:45.656787,53.2,70.4
SENSOR-0475,Factory-1,GPS,71.03,2025-10-24T00:54:45.656790,79.6,94.0
SENSOR-0476,Warehouse-B,Vibration,14.85,2025-10-24T04:54:45.656793,79.4,90.1
SENSOR-0477,Transport-002,Humidity,22.6,2025-10-23T10:54:45.656795,49.4,63.9
SENSOR-0478,Transport-001,Vibration,67.34,2025-10-24T03:54:45.656798,98.1,95.4
SENSOR-0479,Transport-001,Humidity,29.1,2025-10-23T18:54:45.656801,29.7,86.4
SENSOR-0480,Factory-1,GPS,61.56,2025-10-23T23:54:45.656804,65.4,59.0
SENSOR-0481,Factory-1,Temperature,42.05,2025-10-23T20:54:45.656807,84.8,94.3
SENSOR-0482,Warehouse-B,Vibration,68.25,2025-10-24T09:54:45.656810,27.2,90.0
SENSOR-0483,Warehouse-A,Humidity,41.04,2025-10-23T11:54:45.656812,54.2,56.7
SENSOR-0484,Transport-002,GPS,26.83,2025-10-23T16:54:45.656815,21.0,67.6
SENSOR-0485,Transport-001,Vibration,91.63,2025-10-24T02:54:45.656818,28.0,50.2
SENSOR-0486,Transport-001,GPS,82.27,2025-10-23T11:54:45.656821,59.6,51.7
SENSOR-0487,Transport-002,GPS,43.92,2025-10-23T12:54:45.656824,81.3,60.8
SENSOR-0488,Factory-1,Temperature,91.64,2025-10-23T20:54:45.656826,87.1,55.8
SENSOR-0489,Transport-002,Humidity,7.92,2025-10-23T11:54:45.656829,24.5,82.5
SENSOR-0490,Transport-001,Temperature,62.57,2025-10-23T18:54:45.656832,84.2,82.7
SENSOR-0491,Warehouse-A,Vibration,50.71,2025-10-23T21:54:45.656835,21.7,76.5
SENSOR-0492,Warehouse-A,Vibration,54.64,2025-10-23T12:54:45.656838,86.8,75.0
SENSOR-0493,Transport-002,Temperature,39.44,2025-10-23T09:54:45.656840,23.9,57.1
SENSOR-0494,Transport-002,Humidity,14.62,2025-10-24T09:54:45.656843,88.5,91.8
SENSOR-0495,Factory-2,Pressure,94.09,2025-10-24T05:54:45.656846,31.7,78.8
SENSOR-0496,Transport-002,Pressure,69.69,2025-10-24T08:54:45.656849,68.7,69.3
SENSOR-0497,Transport-001,Temperature,19.42,2025-10-23T14:54:45.656852,99.1,90.6
SENSOR-0498,Factory-1,GPS,18.7,2025-10-23T19:54:45.656854,55.0,57.5
SENSOR-0499,Warehouse-B,Vibration,43.58,2025-10-24T05:54:45.656857,22.0,86.0
SENSOR-0500,Factory-1,Pressure,75.83,2025-10-23T16:54:45.656860,79.5,66.4
SENSOR-0501,Transport-001,Temperature,73.76,2025-10-23T17:54:45.656863,27.8,52.8
SENSOR-0502,Warehouse-A,GPS,22.07,2025-10-24T04:54:45.656866,26.5,86.6
SENSOR-0503,Factory-1,Vibration,33.8,2025-10-23T18:54:45.656869,94.1,57.1
SENSOR-0504,Factory-2,Vibration,12.67,2025-10-23T13:54:45.656871,49.3,71.2
SENSOR-0505,Transport-002,Pressure,69.91,2025-10-23T13:54:45.656874,56.2,91.3
SENSOR-0506,Warehouse-B,GPS,84.75,2025-10-23T11:54:45.656877,61.1,90.2
SENSOR-0507,Transport-001,Vibration,61.26,2025-10-23T18:54:45.656880,66.7,71.1
SENSOR-0508,Transport-001,Pressure,13.95,2025-10-23T19:54:45.656882,89.6,73.6
SENSOR-0509,Warehouse-A,Vibration,20.86,2025-10-23T23:54:45.656885,24.3,58.6
SENSOR-0510,Transport-002,Vibration,58.77,2025-10-23T14:54:45.656888,70.9,80.3
SENSOR-0511,Warehouse-A,Temperature,54.59,2025-10-24T00:54:45.656892,50.3,90.0
SENSOR-0512,Warehouse-A,GPS,90.94,2025-10-24T01:54:45.656895,44.8,65.3
SENSOR-0513,Factory-2,Temperature,34.26,2025-10-23T23:54:45.656898,25.6,86.0
SENSOR-0514,Factory-1,Humidity,98.68,2025-10-23T18:54:45.656900,68.0,86.1
SENSOR-0515,Transport-002,Humidity,68.58,2025-10-24T03:54:45.656903,79.9,97.0
SENSOR-0516,Transport-002,Temperature,68.62,2025-10-24T04:54:45.656906,58.3,94.7
SENSOR-0517,Warehouse-B,Vibration,75.26,2025-10-23T18:54:45.656909,58.4,89.8
SENSOR-0518,Warehouse-A,Humidity,17.16,2025-10-24T01:54:45.656912,28.1,61.5
SENSOR-0519,Warehouse-B,GPS,68.52,2025-10-23T14:54:45.656914,31.6,93.6
SENSOR-0520,Warehouse-B,Temperature,82.45,2025-10-24T00:54:45.656917,67.7,55.1
SENSOR-0521,Factory-1,Pressure,58.24,2025-10-23T09:54:45.656920,45.0,94.9
SENSOR-0522,Transport-001,Vibration,69.95,2025-10-23T13:54:45.656923,22.5,99.1
SENSOR-0523,Warehouse-B,GPS,96.53,2025-10-23T16:54:45.656926,99.9,53.7
SENSOR-0524,Transport-002,Pressure,50.3,2025-10-23T10:54:45.656929,94.3,97.1
SENSOR-0525,Factory-2,Vibration,42.37,2025-10-24T02:54:45.656932,36.3,80.6
SENSOR-0526,Transport-001,Humidity,39.9,2025-10-24T09:54:45.656934,47.5,76.0
SENSOR-0527,Factory-1,GPS,32.62,2025-10-24T06:54:45.656937,83.6,81.9
SENSOR-0528,Factory-2,Pressure,59.46,2025-10-23T19:54:45.656940,76.5,54.2
SENSOR-0529,Warehouse-B,Pressure,48.48,2025-10-23T23:54:45.656943,78.4,69.2
SENSOR-0530,Factory-1,Pressure,71.84,2025-10-24T06:54:45.656946,51.4,73.1
SENSOR-0531,Warehouse-A,Pressure,59.54,2025-10-23T13:54:45.656948,41.8,99.0
SENSOR-0532,Transport-001,Vibration,0.87,2025-10-23T11:54:45.656951,83.2,78.2
SENSOR-0533,Transport-002,Temperature,64.39,2025-10-23T23:54:45.656954,66.9,89.2
SENSOR-0534,Transport-001,Pressure,37.97,2025-10-23T17:54:45.656957,92.1,77.6
SENSOR-0535,Factory-1,Pressure,20.84,2025-10-24T09:54:45.656960,29.3,84.6
SENSOR-0536,Transport-002,Vibration,49.63,2025-10-24T04:54:45.656962,20.0,71.4
SENSOR-0537,Transport-002,GPS,89.52,2025-10-23T13:54:45.656965,23.9,72.4
SENSOR-0538,Transport-002,Pressure,89.75,2025-10-24T01:54:45.656968,99.4,76.9
SENSOR-0539,Warehouse-A,Humidity,26.77,2025-10-23T11:54:45.656971,71.2,82.9
SENSOR-0540,Warehouse-A,Temperature,15.82,2025-10-23T21:54:45.656973,63.2,53.6
SENSOR-0541,Factory-2,Pressure,35.25,2025-10-24T03:54:45.656976,22.0,97.3
SENSOR-0542,Warehouse-B,GPS,52.4,2025-10-23T18:54:45.656979,28.5,55.2
SENSOR-0543,Transport-002,Vibration,92.54,2025-10-24T08:54:45.656982,90.6,98.8
SENSOR-0544,Warehouse-B,Vibration,73.44,2025-10-24T02:54:45.656984,94.5,79.1
SENSOR-0545,Transport-002,Vibration,22.96,2025-10-24T02:54:45.656987,91.0,92.5
SENSOR-0546,Factory-2,Pressure,27.1,2025-10-23T21:54:45.656990,69.1,74.2
SENSOR-0547,Factory-2,GPS,33.58,2025-10-23T12:54:45.656993,21.7,77.7
SENSOR-0548,Factory-1,Pressure,65.35,2025-10-23T18:54:45.656995,83.8,88.6
SENSOR-0549,Transport-001,Temperature,84.71,2025-10-24T01:54:45.656998,73.2,65.1
SENSOR-0550,Factory-2,GPS,44.41,2025-10-23T12:54:45.657001,91.5,99.1
SENSOR-0551,Warehouse-A,GPS,98.63,2025-10-23T14:54:45.657005,58.7,87.7
SENSOR-0552,Transport-002,Humidity,49.41,2025-10-23T16:54:45.657008,91.2,99.6
SENSOR-0553,Transport-001,Vibration,62.79,2025-10-23T21:54:45.657011,22.8,93.6
SENSOR-0554,Factory-2,Temperature,48.49,2025-10-24T03:54:45.657013,21.4,64.7
SENSOR-0555,Transport-002,GPS,38.68,2025-10-24T03:54:45.657016,77.8,53.3
SENSOR-0556,Factory-1,GPS,38.49,2025-10-23T11:54:45.657019,55.7,86.0
SENSOR-0557,Factory-1,Humidity,48.82,2025-10-24T01:54:45.657022,54.0,84.8
SENSOR-0558,Warehouse-A,Pressure,94.07,2025-10-24T07:54:45.657025,25.7,86.8
SENSOR-0559,Factory-1,Pressure,85.12,2025-10-24T04:54:45.657027,56.5,63.4
SENSOR-0560,Warehouse-B,Pressure,35.03,2025-10-23T22:54:45.657030,91.5,64.7
SENSOR-0561,Transport-001,Vibration,19.91,2025-10-23T11:54:45.657033,97.5,68.9
SENSOR-0562,Warehouse-B,Temperature,60.29,2025-10-23T15:54:45.657036,77.5,65.7
SENSOR-0563,Warehouse-B,Pressure,49.7,2025-10-24T06:54:45.657040,72.5,54.3
SENSOR-0564,Transport-001,Humidity,93.3,2025-10-23T16:54:45.657043,38.0,60.0
SENSOR-0565,Transport-001,Vibration,12.25,2025-10-23T22:54:45.657046,31.6,54.5
SENSOR-0566,Warehouse-B,Temperature,81.44,2025-10-23T22:54:45.657048,91.4,52.3
SENSOR-0567,Factory-2,Temperature,32.88,2025-10-23T23:54:45.657051,40.1,76.7
SENSOR-0568,Transport-001,Humidity,63.69,2025-10-23T20:54:45.657054,81.7,96.2
SENSOR-0569,Factory-1,Humidity,66.63,2025-10-23T10:54:45.657056,59.3,65.6
SENSOR-0570,Transport-002,Pressure,93.11,2025-10-24T07:54:45.657059,76.2,85.6
SENSOR-0571,Warehouse-A,Vibration,69.06,2025-10-23T17:54:45.657062,82.1,66.7
SENSOR-0572,Factory-1,Temperature,49.77,2025-10-24T00:54:45.657066,32.8,97.7
SENSOR-0573,Transport-002,Vibration,84.53,2025-10-24T00:54:45.657069,68.4,79.3
SENSOR-0574,Factory-1,Pressure,28.87,2025-10-23T13:54:45.657072,23.9,99.8
SENSOR-0575,Factory-2,Temperature,87.22,2025-10-24T09:54:45.657074,64.3,76.8
SENSOR-0576,Transport-001,Vibration,96.5,2025-10-24T01:54:45.657077,33.0,87.2
SENSOR-0577,Factory-2,Vibration,14.93,2025-10-24T05:54:45.657080,28.4,73.9
SENSOR-0578,Transport-002,Humidity,77.16,2025-10-23T21:54:45.657083,46.1,54.0
SENSOR-0579,Factory-2,Vibration,10.67,2025-10-23T14:54:45.657085,63.0,85.5
SENSOR-0580,Warehouse-B,Pressure,84.29,2025-10-24T09:54:45.657088,34.6,64.2
SENSOR-0581,Factory-1,Pressure,15.1,2025-10-23T09:54:45.657091,75.1,94.0
SENSOR-0582,Factory-1,Humidity,56.14,2025-10-23T18:54:45.657094,82.8,76.2
SENSOR-0583,Warehouse-B,Pressure,99.17,2025-10-23T19:54:45.657097,37.5,72.6
SENSOR-0584,Warehouse-A,Pressure,98.34,2025-10-23T17:54:45.657100,92.6,54.4
SENSOR-0585,Transport-002,Temperature,95.43,2025-10-23T18:54:45.657102,67.3,90.8
SENSOR-0586,Factory-1,Temperature,13.74,2025-10-24T05:54:45.657105,22.5,93.6
SENSOR-0587,Transport-001,Pressure,62.8,2025-10-23T13:54:45.657108,66.0,95.9
SENSOR-0588,Factory-1,Temperature,30.49,2025-10-23T15:54:45.657111,92.5,92.3
SENSOR-0589,Transport-002,Pressure,84.24,2025-10-24T02:54:45.657115,23.0,94.7
SENSOR-0590,Transport-002,Temperature,14.37,2025-10-23T21:54:45.657117,55.9,93.8
SENSOR-0591,Transport-001,Temperature,64.7,2025-10-23T21:54:45.657120,55.2,60.7
SENSOR-0592,Warehouse-B,Vibration,95.88,2025-10-23T11:54:45.657123,83.8,54.7
SENSOR-0593,Factory-2,Humidity,24.12,2025-10-23T16:54:45.657126,89.4,53.0
SENSOR-0594,Transport-002,Vibration,22.33,2025-10-23T18:54:45.657129,86.7,58.1
SENSOR-0595,Warehouse-B,GPS,13.72,2025-10-23T22:54:45.657131,45.1,53.7
SENSOR-0596,Warehouse-B,Humidity,69.23,2025-10-23T15:54:45.657134,85.9,74.9
SENSOR-0597,Factory-2,GPS,95.33,2025-10-24T01:54:45.657137,65.7,98.0
SENSOR-0598,Transport-002,GPS,9.31,2025-10-24T01:54:45.657140,39.1,95.1
SENSOR-0599,Transport-001,Vibration,32.38,2025-10-24T02:54:45.657143,52.9,58.6
SENSOR-0600,Factory-2,Pressure,6.04,2025-10-23T22:54:45.657145,66.3,97.4
SENSOR-0601,Warehouse-B,GPS,57.63,2025-10-23T16:54:45.657148,44.4,97.7
SENSOR-0602,Warehouse-B,Pressure,99.24,2025-10-23T12:54:45.657151,76.1,93.4
SENSOR-0603,Factory-2,Temperature,72.78,2025-10-24T09:54:45.657154,28.0,75.8
SENSOR-0604,Warehouse-A,GPS,95.09,2025-10-23T16:54:45.657157,83.7,54.1
SENSOR-0605,Warehouse-B,Pressure,72.01,2025-10-24T08:54:45.657159,20.1,62.3
SENSOR-0606,Factory-1,Pressure,6.33,2025-10-23T14:54:45.657162,35.9,77.9
SENSOR-0607,Warehouse-A,Humidity,39.57,2025-10-24T08:54:45.657165,25.1,61.3
SENSOR-0608,Transport-001,GPS,31.09,2025-10-24T05:54:45.657168,76.6,76.5
SENSOR-0609,Transport-002,Humidity,38.6,2025-10-24T05:54:45.657170,81.4,94.1
SENSOR-0610,Transport-001,Humidity,70.91,2025-10-24T06:54:45.657173,23.8,53.3
SENSOR-0611,Factory-1,Humidity,90.19,2025-10-23T18:54:45.657176,71.8,81.4
SENSOR-0612,Transport-001,Humidity,35.76,2025-10-23T16:54:45.657179,54.0,80.4
SENSOR-0613,Transport-001,Temperature,5.44,2025-10-24T03:54:45.657181,35.8,92.1
SENSOR-0614,Factory-1,Humidity,1.38,2025-10-23T23:54:45.657184,25.7,82.0
SENSOR-0615,Warehouse-A,Vibration,95.81,2025-10-23T14:54:45.657187,22.1,57.3
SENSOR-0616,Warehouse-B,Pressure,5.23,2025-10-23T22:54:45.657190,61.6,62.8
SENSOR-0617,Transport-001,GPS,55.59,2025-10-23T12:54:45.657192,96.3,83.6
SENSOR-0618,Transport-002,Temperature,1.72,2025-10-23T23:54:45.657195,51.6,76.6
SENSOR-0619,Transport-002,Vibration,97.25,2025-10-23T10:54:45.657198,53.7,75.2
SENSOR-0620,Transport-002,Humidity,76.34,2025-10-24T03:54:45.657201,83.2,67.8
SENSOR-0621,Warehouse-B,Pressure,3.49,2025-10-24T07:54:45.657204,96.5,61.7
SENSOR-0622,Warehouse-B,Temperature,24.76,2025-10-23T12:54:45.657206,56.3,54.2
SENSOR-0623,Factory-1,Humidity,7.84,2025-10-24T00:54:45.657209,68.3,77.3
SENSOR-0624,Factory-2,Temperature,46.44,2025-10-23T13:54:45.657212,98.9,97.1
SENSOR-0625,Factory-1,Pressure,16.97,2025-10-24T01:54:45.657215,42.7,92.0
SENSOR-0626,Warehouse-B,Vibration,55.3,2025-10-23T15:54:45.657217,33.0,55.3
SENSOR-0627,Transport-002,GPS,90.01,2025-10-23T21:54:45.657220,51.7,68.3
SENSOR-0628,Transport-002,Humidity,3.7,2025-10-24T05:54:45.657223,33.9,80.9
SENSOR-0629,Transport-001,Vibration,8.98,2025-10-23T11:54:45.657226,92.4,69.0
SENSOR-0630,Factory-2,GPS,44.84,2025-10-24T07:54:45.657229,88.6,64.5
SENSOR-0631,Factory-1,Vibration,42.86,2025-10-23T10:54:45.657231,88.7,57.0
SENSOR-0632,Transport-002,Vibration,36.82,2025-10-23T19:54:45.657234,32.2,61.7
SENSOR-0633,Factory-2,GPS,93.02,2025-10-23T11:54:45.657237,90.5,52.1
SENSOR-0634,Transport-002,GPS,3.6,2025-10-23T18:54:45.657240,89.1,67.3
SENSOR-0635,Transport-002,Temperature,0.76,2025-10-24T09:54:45.657243,81.8,86.2
SENSOR-0636,Warehouse-A,Pressure,5.73,2025-10-23T15:54:45.657245,76.1,92.7
SENSOR-0637,Transport-002,Pressure,70.13,2025-10-24T06:54:45.657248,75.6,78.2
SENSOR-0638,Warehouse-B,GPS,81.64,2025-10-24T09:54:45.657251,35.9,59.4
SENSOR-0639,Factory-2,GPS,9.86,2025-10-24T07:54:45.657254,55.8,95.6
SENSOR-0640,Warehouse-B,Temperature,66.33,2025-10-23T21:54:45.657256,61.0,85.2
SENSOR-0641,Warehouse-B,GPS,38.13,2025-10-23T18:54:45.657259,52.7,64.3
SENSOR-0642,Warehouse-A,GPS,83.06,2025-10-23T18:54:45.657262,34.7,56.5
SENSOR-0643,Transport-002,Vibration,59.07,2025-10-24T08:54:45.657265,81.7,69.2
SENSOR-0644,Warehouse-A,Temperature,15.72,2025-10-23T20:54:45.657268,69.3,57.2
SENSOR-0645,Transport-002,Pressure,0.49,2025-10-23T09:54:45.657271,39.1,62.7
SENSOR-0646,Factory-1,Humidity,83.78,2025-10-23T17:54:45.657274,41.1,83.8
SENSOR-0647,Warehouse-B,Temperature,60.3,2025-10-23T10:54:45.657276,27.4,74.4
SENSOR-0648,Factory-1,Pressure,34.66,2025-10-23T09:54:45.657279,58.0,92.7
SENSOR-0649,Transport-002,Humidity,82.31,2025-10-23T15:54:45.657282,97.0,62.1
SENSOR-0650,Transport-002,Vibration,46.28,2025-10-24T03:54:45.657285,68.1,86.3
SENSOR-0651,Factory-2,Vibration,25.84,2025-10-23T14:54:45.657288,43.0,55.6
SENSOR-0652,Factory-2,Pressure,15.35,2025-10-23T11:54:45.657290,74.7,85.2
SENSOR-0653,Transport-002,Vibration,73.53,2025-10-24T02:54:45.657293,61.6,91.2
SENSOR-0654,Warehouse-A,Humidity,9.33,2025-10-24T07:54:45.657296,61.8,67.0
SENSOR-0655,Warehouse-B,Pressure,38.78,2025-10-24T06:54:45.657299,31.4,74.6
SENSOR-0656,Warehouse-B,Humidity,41.11,2025-10-23T10:54:45.657302,50.9,77.3
SENSOR-0657,Warehouse-A,Pressure,75.38,2025-10-23T10:54:45.657304,87.8,56.7
SENSOR-0658,Warehouse-B,Humidity,47.06,2025-10-23T11:54:45.657307,61.5,95.6
SENSOR-0659,Transport-001,Temperature,83.95,2025-10-23T09:54:45.657310,30.8,77.6
SENSOR-0660,Factory-1,Humidity,88.8,2025-10-24T07:54:45.657313,76.1,79.9
SENSOR-0661,Warehouse-A,Pressure,7.6,2025-10-24T03:54:45.657316,32.7,55.3
SENSOR-0662,Factory-1,Humidity,40.89,2025-10-24T06:54:45.657318,65.9,97.7
SENSOR-0663,Factory-1,Vibration,7.75,2025-10-23T19:54:45.657321,76.7,72.7
SENSOR-0664,Transport-001,Pressure,40.72,2025-10-24T01:54:45.657324,83.8,97.7
SENSOR-0665,Transport-001,GPS,96.32,2025-10-23T14:54:45.657327,92.1,67.1
SENSOR-0666,Factory-1,GPS,85.48,2025-10-24T03:54:45.657330,52.6,54.9
SENSOR-0667,Transport-001,Vibration,71.99,2025-10-24T04:54:45.657334,27.9,78.7
SENSOR-0668,Warehouse-B,Vibration,62.37,2025-10-23T23:54:45.657337,74.4,97.2
SENSOR-0669,Transport-001,Pressure,38.58,2025-10-24T01:54:45.657339,68.9,63.6
SENSOR-0670,Warehouse-B,Vibration,13.72,2025-10-24T03:54:45.657342,41.3,93.5
SENSOR-0671,Warehouse-A,Temperature,24.86,2025-10-23T17:54:45.657345,21.6,66.4
SENSOR-0672,Warehouse-A,Humidity,62.08,2025-10-24T03:54:45.657348,61.2,53.8
SENSOR-0673,Transport-002,Temperature,73.06,2025-10-23T14:54:45.657350,52.8,83.3
SENSOR-0674,Factory-2,Humidity,98.83,2025-10-23T09:54:45.657353,94.6,61.6
SENSOR-0675,Transport-002,Humidity,39.34,2025-10-24T06:54:45.657356,92.5,68.7
SENSOR-0676,Warehouse-A,Temperature,55.71,2025-10-23T13:54:45.657359,43.3,80.6
SENSOR-0677,Factory-2,Humidity,59.43,2025-10-23T09:54:45.657362,42.6,52.5
SENSOR-0678,Warehouse-A,Humidity,69.33,2025-10-23T11:54:45.657364,31.6,84.0
SENSOR-0679,Warehouse-A,Pressure,2.47,2025-10-24T04:54:45.657367,44.0,62.0
SENSOR-0680,Factory-2,GPS,6.16,2025-10-24T06:54:45.657370,72.0,57.6
SENSOR-0681,Transport-002,Temperature,36.6,2025-10-24T09:54:45.657373,45.1,67.8
SENSOR-0682,Warehouse-A,Vibration,79.57,2025-10-23T15:54:45.657375,67.9,87.5
SENSOR-0683,Transport-001,Vibration,66.89,2025-10-23T22:54:45.657378,21.0,66.9
SENSOR-0684,Factory-1,Vibration,43.86,2025-10-23T23:54:45.657381,54.4,83.9
SENSOR-0685,Transport-002,Temperature,81.4,2025-10-24T05:54:45.657384,51.2,54.8
SENSOR-0686,Warehouse-B,GPS,30.13,2025-10-23T15:54:45.657386,46.1,79.7
SENSOR-0687,Transport-002,Vibration,63.61,2025-10-24T03:54:45.657389,98.6,88.9
SENSOR-0688,Warehouse-A,Temperature,38.41,2025-10-23T19:54:45.657392,32.7,83.5
SENSOR-0689,Warehouse-A,Pressure,21.14,2025-10-23T16:54:45.657395,79.2,53.2
SENSOR-0690,Factory-2,Pressure,43.66,2025-10-23T12:54:45.657398,80.2,81.5
SENSOR-0691,Transport-001,Humidity,59.82,2025-10-23T22:54:45.657402,25.8,95.6
SENSOR-0692,Factory-2,Pressure,51.26,2025-10-23T11:54:45.657404,56.2,85.2
SENSOR-0693,Transport-002,GPS,30.32,2025-10-24T08:54:45.657407,33.0,61.6
SENSOR-0694,Warehouse-B,Vibration,57.07,2025-10-24T09:54:45.657410,59.8,73.1
SENSOR-0695,Factory-1,Vibration,30.63,2025-10-23T13:54:45.657413,39.0,66.3
SENSOR-0696,Transport-002,Humidity,79.05,2025-10-23T17:54:45.657415,65.2,86.1
SENSOR-0697,Transport-002,Pressure,9.32,2025-10-23T18:54:45.657418,85.8,85.7
SENSOR-0698,Warehouse-A,Humidity,79.29,2025-10-24T03:54:45.657421,99.9,59.5
SENSOR-0699,Warehouse-B,Vibration,34.89,2025-10-23T11:54:45.657424,81.5,97.0
SENSOR-0700,Warehouse-B,Vibration,28.45,2025-10-24T02:54:45.657426,25.8,54.4
SENSOR-0701,Factory-1,Vibration,0.94,2025-10-24T05:54:45.657429,98.6,56.6
SENSOR-0702,Factory-2,Humidity,27.68,2025-10-23T22:54:45.657432,75.6,98.2
SENSOR-0703,Transport-001,Temperature,75.08,2025-10-23T20:54:45.657435,53.5,64.1
SENSOR-0704,Transport-001,Temperature,67.2,2025-10-23T19:54:45.657438,39.4,89.3
SENSOR-0705,Factory-1,Vibration,92.45,2025-10-24T01:54:45.657441,62.6,62.5
SENSOR-0706,Transport-001,Vibration,2.23,2025-10-23T20:54:45.657444,27.6,76.3
SENSOR-0707,Transport-002,Humidity,13.44,2025-10-24T02:54:45.657446,66.6,83.9
SENSOR-0708,Factory-1,Pressure,52.82,2025-10-23T16:54:45.657449,46.9,78.5
SENSOR-0709,Transport-001,Temperature,23.4,2025-10-24T04:54:45.657452,86.9,58.2
SENSOR-0710,Transport-002,Temperature,9.89,2025-10-24T00:54:45.657455,75.8,71.9
SENSOR-0711,Transport-002,GPS,8.35,2025-10-23T20:54:45.657458,55.0,95.7
SENSOR-0712,Warehouse-A,Temperature,3.34,2025-10-23T10:54:45.657460,73.3,99.0
SENSOR-0713,Transport-002,Vibration,35.26,2025-10-24T01:54:45.657463,20.7,61.5
SENSOR-0714,Transport-001,Vibration,23.59,2025-10-23T14:54:45.657466,95.5,60.4
SENSOR-0715,Transport-002,Temperature,32.8,2025-10-24T06:54:45.657469,68.8,54.6
SENSOR-0716,Transport-002,Vibration,19.99,2025-10-23T12:54:45.657472,69.2,56.8
SENSOR-0717,Factory-2,Pressure,13.18,2025-10-24T01:54:45.657474,43.2,85.1
SENSOR-0718,Transport-002,Temperature,35.84,2025-10-23T17:54:45.657477,40.0,88.9
SENSOR-0719,Factory-1,Temperature,36.97,2025-10-23T11:54:45.657480,69.4,70.3
SENSOR-0720,Transport-002,Temperature,19.49,2025-10-24T04:54:45.657483,28.7,92.2
SENSOR-0721,Warehouse-B,Pressure,0.62,2025-10-23T19:54:45.657487,93.8,65.4
SENSOR-0722,Factory-2,GPS,99.52,2025-10-24T01:54:45.657490,21.8,62.0
SENSOR-0723,Warehouse-B,Temperature,49.82,2025-10-23T16:54:45.657492,55.9,68.5
SENSOR-0724,Factory-2,Vibration,50.42,2025-10-24T05:54:45.657495,63.1,66.5
SENSOR-0725,Transport-002,Humidity,72.76,2025-10-23T18:54:45.657498,43.7,52.2
SENSOR-0726,Warehouse-B,GPS,55.51,2025-10-23T11:54:45.657501,72.1,57.3
SENSOR-0727,Warehouse-B,Pressure,76.05,2025-10-24T04:54:45.657504,80.4,64.7
SENSOR-0728,Factory-1,GPS,11.19,2025-10-24T02:54:45.657506,90.5,58.2
SENSOR-0729,Factory-1,Pressure,78.5,2025-10-24T03:54:45.657509,23.1,69.9
SENSOR-0730,Warehouse-A,Temperature,66.57,2025-10-23T20:54:45.657512,54.9,90.5
SENSOR-0731,Transport-002,Pressure,42.75,2025-10-23T10:54:45.657515,59.9,71.9
SENSOR-0732,Transport-002,Pressure,59.46,2025-10-23T20:54:45.657517,59.9,98.1
SENSOR-0733,Warehouse-B,Pressure,60.84,2025-10-24T07:54:45.657520,39.3,84.6
SENSOR-0734,Transport-002,Humidity,46.77,2025-10-23T23:54:45.657523,31.4,75.0
SENSOR-0735,Transport-002,Pressure,15.31,2025-10-23T21:54:45.657525,76.5,89.2
SENSOR-0736,Transport-002,Humidity,78.29,2025-10-23T17:54:45.657528,95.8,53.2
SENSOR-0737,Factory-2,Temperature,92.64,2025-10-23T17:54:45.657531,92.6,53.0
SENSOR-0738,Factory-1,Humidity,78.28,2025-10-23T23:54:45.657534,49.0,69.8
SENSOR-0739,Factory-2,Vibration,42.38,2025-10-24T05:54:45.657536,36.2,90.1
SENSOR-0740,Factory-1,Vibration,22.81,2025-10-23T12:54:45.657539,29.6,68.8
SENSOR-0741,Warehouse-B,Humidity,46.89,2025-10-24T08:54:45.657542,76.3,97.5
SENSOR-0742,Factory-2,Temperature,63.93,2025-10-24T05:54:45.657545,72.8,54.6
SENSOR-0743,Warehouse-B,Humidity,97.57,2025-10-24T00:54:45.657548,71.6,85.0
SENSOR-0744,Factory-2,Pressure,71.92,2025-10-24T04:54:45.657550,57.0,66.2
SENSOR-0745,Transport-002,Vibration,18.35,2025-10-24T09:54:45.657554,65.7,64.2
SENSOR-0746,Factory-2,Humidity,31.63,2025-10-23T18:54:45.657557,25.9,54.8
SENSOR-0747,Warehouse-A,Pressure,52.7,2025-10-23T14:54:45.657560,77.5,73.1
SENSOR-0748,Warehouse-B,Vibration,87.13,2025-10-23T13:54:45.657562,72.6,63.4
SENSOR-0749,Factory-2,Pressure,38.44,2025-10-23T09:54:45.657565,55.9,89.1
SENSOR-0750,Warehouse-B,Vibration,94.12,2025-10-23T23:54:45.657568,95.4,55.3
SENSOR-0751,Transport-002,Humidity,8.2,2025-10-23T15:54:45.657571,30.0,81.2
SENSOR-0752,Warehouse-A,GPS,63.17,2025-10-23T15:54:45.657574,50.0,98.9
SENSOR-0753,Warehouse-B,Temperature,69.24,2025-10-24T07:54:45.657576,71.8,91.2
SENSOR-0754,Warehouse-B,Temperature,84.27,2025-10-24T03:54:45.657579,22.8,89.9
SENSOR-0755,Warehouse-B,GPS,72.93,2025-10-24T05:54:45.657582,30.4,73.1
SENSOR-0756,Factory-1,Vibration,8.5,2025-10-23T12:54:45.657585,37.4,81.0
SENSOR-0757,Transport-002,Humidity,86.08,2025-10-24T01:54:45.657587,46.6,71.6
SENSOR-0758,Warehouse-B,Humidity,28.8,2025-10-24T07:54:45.657590,89.9,67.3
SENSOR-0759,Warehouse-A,Pressure,86.92,2025-10-24T03:54:45.657593,82.6,91.8
SENSOR-0760,Warehouse-B,Vibration,97.51,2025-10-24T07:54:45.657596,97.7,62.7
SENSOR-0761,Factory-1,GPS,0.71,2025-10-23T12:54:45.657599,38.3,69.4
SENSOR-0762,Warehouse-A,Vibration,48.53,2025-10-24T04:54:45.657602,40.3,74.7
SENSOR-0763,Factory-1,GPS,26.04,2025-10-24T09:54:45.657604,61.7,89.6
SENSOR-0764,Warehouse-A,Pressure,84.02,2025-10-24T02:54:45.657607,79.3,53.4
SENSOR-0765,Transport-002,Temperature,58.7,2025-10-24T03:54:45.657610,27.8,94.0
SENSOR-0766,Warehouse-B,Temperature,58.98,2025-10-23T13:54:45.657613,32.5,97.8
SENSOR-0767,Factory-1,Vibration,32.99,2025-10-24T05:54:45.657616,28.1,99.8
SENSOR-0768,Warehouse-A,GPS,38.5,2025-10-23T19:54:45.657619,40.1,72.0
SENSOR-0769,Factory-1,Humidity,48.63,2025-10-24T05:54:45.657622,76.4,77.0
SENSOR-0770,Warehouse-A,GPS,14.35,2025-10-23T13:54:45.657624,72.0,53.8
SENSOR-0771,Warehouse-A,Pressure,52.48,2025-10-23T16:54:45.657627,55.7,84.7
SENSOR-0772,Factory-2,Pressure,23.25,2025-10-24T00:54:45.657630,76.6,62.8
SENSOR-0773,Warehouse-B,Temperature,23.83,2025-10-23T16:54:45.657633,64.7,64.9
SENSOR-0774,Warehouse-A,Vibration,98.12,2025-10-24T05:54:45.657636,31.1,65.2
SENSOR-0775,Factory-1,Temperature,99.79,2025-10-24T04:54:45.657638,91.6,95.2
SENSOR-0776,Factory-1,Pressure,44.61,2025-10-23T10:54:45.657642,47.2,72.0
SENSOR-0777,Factory-1,Temperature,58.11,2025-10-23T21:54:45.657645,75.4,92.6
SENSOR-0778,Warehouse-A,Humidity,55.86,2025-10-24T09:54:45.657648,99.8,99.1
SENSOR-0779,Transport-001,Pressure,85.07,2025-10-23T20:54:45.657651,54.7,77.6
SENSOR-0780,Factory-2,GPS,72.61,2025-10-24T00:54:45.657654,61.9,90.0
SENSOR-0781,Factory-1,GPS,33.46,2025-10-23T09:54:45.657656,75.8,87.6
SENSOR-0782,Factory-1,Vibration,76.56,2025-10-23T14:54:45.657659,57.8,76.7
SENSOR-0783,Warehouse-A,Vibration,32.35,2025-10-24T02:54:45.657662,83.5,56.7
SENSOR-0784,Factory-2,Temperature,49.17,2025-10-23T20:54:45.657665,77.4,70.2
SENSOR-0785,Transport-001,Humidity,46.28,2025-10-24T03:54:45.657668,73.8,60.7
SENSOR-0786,Warehouse-B,Pressure,52.04,2025-10-24T02:54:45.657670,63.3,63.3
SENSOR-0787,Factory-1,Vibration,19.95,2025-10-24T07:54:45.657673,75.7,57.2
SENSOR-0788,Transport-001,Pressure,14.97,2025-10-24T00:54:45.657676,62.4,51.1
SENSOR-0789,Factory-1,Temperature,55.42,2025-10-23T11:54:45.657679,50.7,95.7
SENSOR-0790,Factory-1,Temperature,77.46,2025-10-23T19:54:45.657682,60.0,55.3
SENSOR-0791,Transport-002,Temperature,42.24,2025-10-24T02:54:45.657685,99.3,62.6
SENSOR-0792,Factory-2,GPS,81.62,2025-10-23T20:54:45.657687,54.0,50.8
SENSOR-0793,Transport-001,Humidity,49.71,2025-10-23T23:54:45.657690,85.6,72.9
SENSOR-0794,Warehouse-A,Temperature,82.42,2025-10-23T12:54:45.657693,68.6,63.0
SENSOR-0795,Transport-002,Humidity,88.41,2025-10-23T09:54:45.657696,74.3,64.7
SENSOR-0796,Warehouse-B,Temperature,26.07,2025-10-24T06:54:45.657699,94.6,52.4
SENSOR-0797,Factory-1,Vibration,71.33,2025-10-23T23:54:45.657701,37.4,90.3
SENSOR-0798,Warehouse-A,Vibration,61.05,2025-10-23T22:54:45.657704,41.5,60.4
SENSOR-0799,Factory-1,Temperature,72.94,2025-10-24T08:54:45.657707,87.0,90.2
SENSOR-0800,Warehouse-A,Vibration,9.95,2025-10-23T23:54:45.657710,97.8,52.9
SENSOR-0801,Transport-002,GPS,40.25,2025-10-23T18:54:45.657713,95.9,70.6
SENSOR-0802,Warehouse-B,Humidity,21.4,2025-10-23T10:54:45.657715,51.2,59.6
SENSOR-0803,Warehouse-A,Temperature,88.73,2025-10-23T18:54:45.657718,20.1,95.8
SENSOR-0804,Transport-001,Temperature,18.44,2025-10-24T05:54:45.657721,27.9,82.4
SENSOR-0805,Factory-1,Humidity,91.54,2025-10-23T14:54:45.657724,59.2,95.3
SENSOR-0806,Factory-2,Pressure,95.24,2025-10-23T14:54:45.657726,49.5,87.7
SENSOR-0807,Warehouse-B,Pressure,99.88,2025-10-24T04:54:45.657729,74.7,58.3
SENSOR-0808,Transport-001,Pressure,85.14,2025-10-24T07:54:45.657732,93.2,74.6
SENSOR-0809,Transport-002,Humidity,63.51,2025-10-23T10:54:45.657735,38.9,61.6
SENSOR-0810,Factory-1,Humidity,24.74,2025-10-23T22:54:45.657738,98.6,60.2
SENSOR-0811,Warehouse-A,Vibration,5.52,2025-10-23T19:54:45.657741,72.3,77.5
SENSOR-0812,Factory-1,GPS,5.71,2025-10-24T00:54:45.657744,24.2,68.8
SENSOR-0813,Warehouse-A,Temperature,29.2,2025-10-24T01:54:45.657746,29.8,61.6
SENSOR-0814,Warehouse-A,Vibration,28.67,2025-10-23T20:54:45.657749,85.7,75.0
SENSOR-0815,Factory-1,GPS,80.08,2025-10-24T06:54:45.657752,72.1,74.8
SENSOR-0816,Factory-1,Pressure,29.07,2025-10-23T17:54:45.657755,69.2,70.0
SENSOR-0817,Factory-1,Vibration,2.59,2025-10-23T11:54:45.657758,47.4,89.9
SENSOR-0818,Warehouse-B,Pressure,56.53,2025-10-23T11:54:45.657762,93.6,84.0
SENSOR-0819,Warehouse-B,Pressure,87.07,2025-10-23T22:54:45.657765,54.5,77.2
SENSOR-0820,Factory-1,Temperature,64.19,2025-10-24T00:54:45.657767,96.6,91.4
SENSOR-0821,Factory-2,Pressure,23.99,2025-10-23T15:54:45.657770,69.3,91.3
SENSOR-0822,Warehouse-A,GPS,9.89,2025-10-23T13:54:45.657773,68.2,56.6
SENSOR-0823,Factory-1,Humidity,49.44,2025-10-23T10:54:45.657777,67.6,53.7
SENSOR-0824,Factory-2,GPS,97.27,2025-10-23T22:54:45.657780,82.5,69.9
SENSOR-0825,Factory-1,Pressure,15.11,2025-10-23T14:54:45.657782,48.6,86.2
SENSOR-0826,Warehouse-B,Humidity,99.35,2025-10-24T07:54:45.657785,46.2,98.8
SENSOR-0827,Factory-2,Humidity,12.8,2025-10-24T05:54:45.657788,59.5,61.5
SENSOR-0828,Transport-001,GPS,19.93,2025-10-23T21:54:45.657791,38.6,82.5
SENSOR-0829,Warehouse-A,Temperature,26.87,2025-10-23T16:54:45.657794,22.9,57.4
SENSOR-0830,Factory-1,GPS,5.51,2025-10-23T23:54:45.657797,54.6,64.5
SENSOR-0831,Warehouse-A,Temperature,92.7,2025-10-23T13:54:45.657799,56.8,92.0
SENSOR-0832,Warehouse-B,Temperature,43.44,2025-10-24T00:54:45.657802,44.2,70.4
SENSOR-0833,Warehouse-A,Vibration,39.62,2025-10-24T09:54:45.657805,96.2,63.5
SENSOR-0834,Warehouse-A,Vibration,16.76,2025-10-23T15:54:45.657808,89.7,74.3
SENSOR-0835,Warehouse-A,Temperature,66.63,2025-10-24T06:54:45.657810,23.5,97.0
SENSOR-0836,Transport-002,GPS,21.67,2025-10-23T09:54:45.657813,48.7,63.8
SENSOR-0837,Factory-2,Temperature,2.21,2025-10-24T06:54:45.657816,39.7,89.7
SENSOR-0838,Transport-002,Humidity,70.01,2025-10-24T00:54:45.657819,60.2,53.8
SENSOR-0839,Transport-001,Temperature,47.61,2025-10-24T08:54:45.657822,30.8,54.6
SENSOR-0840,Warehouse-B,Pressure,43.33,2025-10-23T19:54:45.657825,30.7,59.6
SENSOR-0841,Transport-001,Vibration,4.31,2025-10-24T06:54:45.657827,50.8,70.1
SENSOR-0842,Warehouse-B,Vibration,42.19,2025-10-23T17:54:45.657830,29.8,83.1
SENSOR-0843,Factory-2,Humidity,45.13,2025-10-24T09:54:45.657833,79.3,84.6
SENSOR-0844,Warehouse-B,Temperature,11.96,2025-10-24T03:54:45.657836,88.3,65.7
SENSOR-0845,Transport-001,GPS,71.49,2025-10-23T11:54:45.657839,99.9,78.5
SENSOR-0846,Transport-002,GPS,88.11,2025-10-23T21:54:45.657841,38.7,87.7
SENSOR-0847,Warehouse-A,GPS,3.5,2025-10-23T13:54:45.657844,49.6,52.3
SENSOR-0848,Transport-001,Humidity,73.28,2025-10-23T23:54:45.657847,55.4,99.0
SENSOR-0849,Transport-001,GPS,21.76,2025-10-23T17:54:45.657850,39.3,70.1
SENSOR-0850,Transport-001,Humidity,97.28,2025-10-23T09:54:45.657852,88.9,79.9
SENSOR-0851,Factory-2,Vibration,86.76,2025-10-24T03:54:45.657855,25.4,86.5
SENSOR-0852,Warehouse-A,Vibration,24.24,2025-10-24T00:54:45.657858,40.2,76.6
SENSOR-0853,Factory-1,Pressure,27.31,2025-10-24T04:54:45.657861,75.6,54.1
SENSOR-0854,Transport-001,Pressure,47.56,2025-10-23T10:54:45.657864,93.2,69.8
SENSOR-0855,Factory-1,Vibration,26.36,2025-10-24T06:54:45.657867,41.8,97.2
SENSOR-0856,Transport-001,Temperature,33.02,2025-10-23T18:54:45.657869,65.5,71.7
SENSOR-0857,Warehouse-B,Temperature,46.47,2025-10-23T10:54:45.657872,30.4,72.3
SENSOR-0858,Warehouse-A,Vibration,20.8,2025-10-23T11:54:45.657875,80.5,82.4
SENSOR-0859,Warehouse-B,Pressure,9.0,2025-10-24T02:54:45.657877,72.0,76.1
SENSOR-0860,Warehouse-A,Pressure,70.58,2025-10-23T10:54:45.657880,20.8,97.2
SENSOR-0861,Factory-1,Pressure,2.41,2025-10-24T07:54:45.657883,28.9,98.8
SENSOR-0862,Transport-002,GPS,11.56,2025-10-23T14:54:45.657886,32.9,88.2
SENSOR-0863,Factory-2,Pressure,32.35,2025-10-23T13:54:45.657889,22.8,63.7
SENSOR-0864,Transport-001,Vibration,69.59,2025-10-23T16:54:45.657891,33.7,56.3
SENSOR-0865,Factory-2,Vibration,44.13,2025-10-24T03:54:45.657894,38.1,91.6
SENSOR-0866,Warehouse-A,Temperature,17.96,2025-10-24T07:54:45.657897,40.7,53.1
SENSOR-0867,Warehouse-B,Pressure,15.45,2025-10-23T10:54:45.657900,23.5,50.5
SENSOR-0868,Transport-002,Pressure,96.07,2025-10-23T19:54:45.657903,57.1,73.4
SENSOR-0869,Transport-002,Pressure,14.29,2025-10-23T11:54:45.657905,20.6,75.4
SENSOR-0870,Warehouse-A,Pressure,9.81,2025-10-24T08:54:45.657908,40.9,63.0
SENSOR-0871,Transport-001,Temperature,66.09,2025-10-24T08:54:45.657911,67.4,75.8
SENSOR-0872,Transport-001,Temperature,75.46,2025-10-24T06:54:45.657914,91.5,69.1
SENSOR-0873,Transport-001,Humidity,92.81,2025-10-24T03:54:45.657917,80.4,92.1
SENSOR-0874,Transport-001,GPS,4.96,2025-10-24T08:54:45.657919,53.0,83.1
SENSOR-0875,Transport-002,Vibration,3.3,2025-10-23T23:54:45.657922,41.7,93.4
SENSOR-0876,Warehouse-A,Pressure,55.63,2025-10-23T17:54:45.657925,75.3,65.0
SENSOR-0877,Warehouse-A,GPS,62.42,2025-10-23T12:54:45.657928,65.2,66.3
SENSOR-0878,Transport-002,Humidity,55.79,2025-10-23T12:54:45.657931,22.8,67.5
SENSOR-0879,Transport-001,Pressure,26.17,2025-10-23T17:54:45.657934,52.4,88.6
SENSOR-0880,Transport-001,Temperature,79.83,2025-10-23T12:54:45.657936,62.2,57.3
SENSOR-0881,Factory-2,Vibration,94.91,2025-10-24T02:54:45.657939,69.2,51.9
SENSOR-0882,Transport-001,GPS,45.8,2025-10-23T14:54:45.657942,39.2,94.5
SENSOR-0883,Warehouse-A,Temperature,86.68,2025-10-23T10:54:45.657945,30.4,98.9
SENSOR-0884,Warehouse-A,Vibration,81.11,2025-10-23T16:54:45.657947,35.2,55.1
SENSOR-0885,Warehouse-B,Vibration,72.87,2025-10-24T03:54:45.657950,50.0,87.3
SENSOR-0886,Warehouse-A,GPS,72.74,2025-10-23T19:54:45.657953,62.5,79.8
SENSOR-0887,Transport-002,Temperature,16.28,2025-10-24T05:54:45.657956,61.8,83.3
SENSOR-0888,Factory-1,Vibration,50.9,2025-10-23T09:54:45.657958,35.9,75.9
SENSOR-0889,Factory-2,GPS,49.13,2025-10-23T23:54:45.657961,51.8,84.2
SENSOR-0890,Warehouse-B,GPS,48.43,2025-10-23T12:54:45.657964,59.9,83.7
SENSOR-0891,Warehouse-B,Humidity,76.57,2025-10-24T01:54:45.657968,32.1,67.9
SENSOR-0892,Warehouse-A,Humidity,25.74,2025-10-24T02:54:45.657971,82.4,59.4
SENSOR-0893,Factory-2,Vibration,66.83,2025-10-24T02:54:45.657974,86.2,70.5
SENSOR-0894,Transport-001,Humidity,67.55,2025-10-23T13:54:45.657977,77.7,94.0
SENSOR-0895,Transport-002,Pressure,2.34,2025-10-23T09:54:45.657980,38.9,83.8
SENSOR-0896,Warehouse-B,Temperature,53.39,2025-10-23T21:54:45.657983,24.3,81.4
SENSOR-0897,Factory-2,Temperature,96.24,2025-10-23T13:54:45.657985,20.4,78.4
SENSOR-0898,Factory-1,Vibration,60.21,2025-10-23T15:54:45.657988,39.9,73.1
SENSOR-0899,Factory-2,Pressure,67.59,2025-10-23T10:54:45.657991,20.7,77.0
SENSOR-0900,Factory-2,Pressure,47.55,2025-10-24T04:54:45.657994,71.2,96.7
SENSOR-0901,Transport-001,GPS,5.05,2025-10-23T15:54:45.657998,40.3,78.1
SENSOR-0902,Factory-1,Pressure,13.32,2025-10-23T14:54:45.658001,98.5,67.9
SENSOR-0903,Factory-1,GPS,35.99,2025-10-24T01:54:45.658003,98.6,92.5
SENSOR-0904,Factory-1,Humidity,15.21,2025-10-24T02:54:45.658006,68.4,67.5
SENSOR-0905,Transport-001,Vibration,6.39,2025-10-23T14:54:45.658009,96.0,80.2
SENSOR-0906,Warehouse-B,GPS,18.12,2025-10-24T09:54:45.658012,32.1,68.2
SENSOR-0907,Warehouse-A,Pressure,33.04,2025-10-23T09:54:45.658014,46.8,84.1
SENSOR-0908,Transport-001,Vibration,12.65,2025-10-23T13:54:45.658017,74.6,66.6
SENSOR-0909,Transport-002,Temperature,13.07,2025-10-23T16:54:45.658020,48.7,82.1
SENSOR-0910,Warehouse-A,Pressure,97.53,2025-10-23T17:54:45.658023,26.3,68.6
SENSOR-0911,Transport-001,Pressure,71.93,2025-10-24T03:54:45.658026,47.7,80.7
SENSOR-0912,Transport-001,Humidity,84.42,2025-10-23T19:54:45.658028,71.0,82.3
SENSOR-0913,Factory-2,Pressure,46.82,2025-10-23T10:54:45.658031,55.0,60.1
SENSOR-0914,Factory-1,Temperature,50.75,2025-10-24T06:54:45.658034,82.2,70.4
SENSOR-0915,Transport-002,Temperature,49.82,2025-10-23T17:54:45.658037,31.6,93.5
SENSOR-0916,Transport-001,GPS,8.09,2025-10-23T21:54:45.658039,42.6,52.6
SENSOR-0917,Transport-002,Temperature,88.41,2025-10-23T21:54:45.658042,29.1,82.3
SENSOR-0918,Factory-2,Temperature,69.83,2025-10-24T00:54:45.658045,21.1,70.7
SENSOR-0919,Warehouse-A,Pressure,94.12,2025-10-24T05:54:45.658048,56.7,95.4
SENSOR-0920,Factory-1,Humidity,16.39,2025-10-23T10:54:45.658051,30.9,60.1
SENSOR-0921,Transport-002,Pressure,17.76,2025-10-23T22:54:45.658054,39.2,75.3
SENSOR-0922,Warehouse-A,GPS,73.33,2025-10-24T09:54:45.658056,60.0,76.5
SENSOR-0923,Warehouse-A,Pressure,9.44,2025-10-23T12:54:45.658059,42.6,57.1
SENSOR-0924,Warehouse-A,Temperature,18.97,2025-10-24T05:54:45.658062,66.7,73.0
SENSOR-0925,Transport-002,Temperature,80.7,2025-10-24T07:54:45.658065,55.5,53.3
SENSOR-0926,Transport-002,Pressure,27.85,2025-10-23T11:54:45.658068,90.6,52.4
SENSOR-0927,Transport-001,Vibration,78.61,2025-10-24T02:54:45.658070,91.1,60.6
SENSOR-0928,Transport-001,GPS,11.62,2025-10-24T09:54:45.658073,67.9,78.3
SENSOR-0929,Factory-2,Temperature,52.8,2025-10-23T10:54:45.658076,44.6,83.1
SENSOR-0930,Warehouse-B,Vibration,20.91,2025-10-24T06:54:45.658079,45.7,93.3
SENSOR-0931,Factory-1,Humidity,56.56,2025-10-23T17:54:45.658081,38.5,76.2
SENSOR-0932,Warehouse-B,Vibration,99.08,2025-10-24T02:54:45.658084,91.5,82.3
SENSOR-0933,Factory-2,Temperature,71.4,2025-10-24T09:54:45.658087,81.2,78.8
SENSOR-0934,Transport-001,Pressure,15.79,2025-10-24T09:54:45.658090,22.8,97.0
SENSOR-0935,Factory-2,Humidity,14.38,2025-10-23T23:54:45.658092,40.8,73.1
SENSOR-0936,Warehouse-A,Humidity,51.58,2025-10-24T03:54:45.658095,37.6,53.6
SENSOR-0937,Factory-2,GPS,71.82,2025-10-24T00:54:45.658098,80.2,65.4
SENSOR-0938,Factory-2,Pressure,79.82,2025-10-24T01:54:45.658101,28.2,74.7
SENSOR-0939,Transport-001,Vibration,77.68,2025-10-23T19:54:45.658104,63.3,58.0
SENSOR-0940,Factory-2,Pressure,60.35,2025-10-23T18:54:45.658106,64.6,74.4
SENSOR-0941,Factory-2,Vibration,86.56,2025-10-23T09:54:45.658109,46.8,67.5
SENSOR-0942,Factory-1,Humidity,86.88,2025-10-23T15:54:45.658112,33.5,81.9
SENSOR-0943,Factory-2,Pressure,23.64,2025-10-23T10:54:45.658115,50.4,93.5
SENSOR-0944,Warehouse-A,Temperature,4.48,2025-10-23T15:54:45.658118,97.8,93.2
SENSOR-0945,Transport-002,Pressure,23.25,2025-10-23T23:54:45.658121,83.9,72.8
SENSOR-0946,Warehouse-B,GPS,18.43,2025-10-24T01:54:45.658124,99.0,70.4
SENSOR-0947,Transport-001,Temperature,29.96,2025-10-23T13:54:45.658127,93.7,71.0
SENSOR-0948,Warehouse-B,GPS,35.32,2025-10-24T07:54:45.658130,24.3,58.8
SENSOR-0949,Factory-1,Vibration,84.63,2025-10-23T19:54:45.658133,44.9,50.5
SENSOR-0950,Warehouse-B,Pressure,33.71,2025-10-24T00:54:45.658135,40.6,67.5
SENSOR-0951,Warehouse-B,Temperature,56.61,2025-10-24T06:54:45.658138,66.6,96.1
SENSOR-0952,Transport-002,Pressure,62.45,2025-10-24T01:54:45.658171,35.3,79.6
SENSOR-0953,Factory-2,GPS,25.75,2025-10-24T07:54:45.658180,49.4,83.6
SENSOR-0954,Transport-001,Temperature,63.56,2025-10-23T15:54:45.658184,23.5,58.1
SENSOR-0955,Factory-2,GPS,57.71,2025-10-24T07:54:45.658187,84.3,57.5
SENSOR-0956,Factory-1,Vibration,3.61,2025-10-24T06:54:45.658191,49.3,58.6
SENSOR-0957,Transport-001,Pressure,31.37,2025-10-23T09:54:45.658194,40.2,87.1
SENSOR-0958,Transport-002,Temperature,32.8,2025-10-23T15:54:45.658197,68.8,74.3
SENSOR-0959,Transport-002,Pressure,78.91,2025-10-24T03:54:45.658200,85.3,51.2
SENSOR-0960,Transport-002,GPS,10.66,2025-10-23T12:54:45.658203,37.3,77.4
SENSOR-0961,Warehouse-B,GPS,83.23,2025-10-23T18:54:45.658207,87.1,93.0
SENSOR-0962,Factory-1,Humidity,14.14,2025-10-24T01:54:45.658210,62.6,84.5
SENSOR-0963,Factory-1,Humidity,3.38,2025-10-24T00:54:45.658213,85.6,68.3
SENSOR-0964,Factory-2,Humidity,66.26,2025-10-23T11:54:45.658216,49.9,70.8
SENSOR-0965,Transport-001,Humidity,51.11,2025-10-24T04:54:45.658219,30.0,64.6
SENSOR-0966,Warehouse-A,GPS,85.48,2025-10-24T03:54:45.658222,54.6,59.0
SENSOR-0967,Warehouse-A,Vibration,96.23,2025-10-24T07:54:45.658225,30.2,67.2
SENSOR-0968,Transport-001,Vibration,17.87,2025-10-23T23:54:45.658228,51.2,72.7
SENSOR-0969,Factory-2,GPS,20.13,2025-10-23T13:54:45.658231,51.9,60.4
SENSOR-0970,Factory-1,GPS,32.2,2025-10-23T20:54:45.658234,66.6,64.3
SENSOR-0971,Factory-2,Pressure,85.85,2025-10-24T05:54:45.658238,27.0,74.3
SENSOR-0972,Warehouse-A,Humidity,64.5,2025-10-23T21:54:45.658241,43.1,97.4
SENSOR-0973,Warehouse-A,Pressure,73.26,2025-10-24T00:54:45.658244,59.5,50.5
SENSOR-0974,Warehouse-B,Humidity,6.44,2025-10-24T07:54:45.658247,79.2,79.2
SENSOR-0975,Warehouse-B,Pressure,11.79,2025-10-23T17:54:45.658250,40.0,55.7
SENSOR-0976,Factory-1,Temperature,2.12,2025-10-23T21:54:45.658253,43.5,50.3
SENSOR-0977,Factory-2,GPS,76.06,2025-10-23T14:54:45.658256,68.1,69.2
SENSOR-0978,Factory-2,Pressure,16.5,2025-10-23T15:54:45.658259,36.3,81.8
SENSOR-0979,Warehouse-A,Humidity,73.93,2025-10-23T18:54:45.658265,83.6,94.7
SENSOR-0980,Transport-002,GPS,17.24,2025-10-24T00:54:45.658270,68.0,90.6
SENSOR-0981,Transport-002,Humidity,36.56,2025-10-23T09:54:45.658273,39.9,77.1
SENSOR-0982,Factory-2,Vibration,95.21,2025-10-23T16:54:45.658276,52.0,50.3
SENSOR-0983,Transport-002,GPS,23.71,2025-10-24T04:54:45.658279,70.1,85.2
SENSOR-0984,Transport-002,GPS,58.51,2025-10-23T16:54:45.658282,62.3,78.5
SENSOR-0985,Transport-002,Pressure,75.79,2025-10-23T09:54:45.658285,37.1,62.2
SENSOR-0986,Transport-001,Humidity,94.8,2025-10-24T07:54:45.658288,72.6,94.8
SENSOR-0987,Factory-1,GPS,13.85,2025-10-23T11:54:45.658291,33.3,88.2
SENSOR-0988,Warehouse-B,Temperature,55.23,2025-10-24T03:54:45.658294,61.4,72.8
SENSOR-0989,Factory-2,Pressure,25.84,2025-10-23T19:54:45.658297,20.6,51.7
SENSOR-0990,Factory-1,Humidity,57.27,2025-10-23T19:54:45.658300,83.3,95.4
SENSOR-0991,Factory-2,Pressure,96.67,2025-10-24T02:54:45.658303,84.5,70.1
SENSOR-0992,Factory-2,Pressure,45.65,2025-10-23T13:54:45.658306,23.7,76.4
SENSOR-0993,Warehouse-A,Humidity,68.89,2025-10-23T12:54:45.658309,32.8,56.0
SENSOR-0994,Factory-1,Pressure,14.62,2025-10-23T13:54:45.658312,73.4,83.8
SENSOR-0995,Transport-001,GPS,39.75,2025-10-24T03:54:45.658315,32.1,81.5
SENSOR-0996,Factory-1,Humidity,21.96,2025-10-24T08:54:45.658318,81.2,74.8
SENSOR-0997,Warehouse-A,Temperature,35.85,2025-10-24T03:54:45.658321,62.7,61.8
SENSOR-0998,Transport-002,GPS,94.47,2025-10-23T14:54:45.658325,44.7,72.7
SENSOR-0999,Transport-001,Temperature,61.95,2025-10-23T14:54:45.658328,46.1,83.4
SENSOR-1000,Factory-1,GPS,51.83,2025-10-23T22:54:45.658331,92.9,52.8
