order_id,customer_id,material_id,order_quantity,order_date,delivery_date,order_status,source_system
ORD-000001,CUST-0044,MAT-000047,223.91,2025-09-06,2025-09-08,Cancelled,SAP_S4HANA
ORD-000002,CUST-0042,MAT-000036,320.89,2025-09-01,2025-09-13,Cancelled,SAP_S4HANA
ORD-000003,CUST-0048,MAT-000028,327.86,2025-08-28,2025-09-18,Cancelled,SAP_S4HANA
ORD-000004,CUST-0019,MAT-000029,935.01,2025-08-11,2025-08-22,Shipped,SAP_S4HANA
ORD-000005,CUST-0033,MAT-000072,133.37,2025-09-13,2025-10-13,Delivered,SAP_S4HANA
ORD-000006,CUST-0005,MAT-000039,198.31,2025-10-14,2025-10-15,Shipped,SAP_S4HANA
ORD-000007,CUST-0005,MAT-000048,940.47,2025-09-17,2025-10-16,Shipped,SAP_S4HANA
ORD-000008,CUST-0049,MAT-000031,367.31,2025-10-19,2025-10-22,Open,SAP_S4HANA
ORD-000009,CUST-0009,MAT-000046,705.46,2025-09-28,2025-10-02,In Process,SAP_S4HANA
ORD-000010,CUST-0017,MAT-000053,100.84,2025-10-16,2025-10-29,Cancelled,SAP_S4HANA
ORD-000011,CUST-0044,MAT-000042,986.07,2025-09-30,2025-10-30,Cancelled,SAP_S4HANA
ORD-000012,CUST-0041,MAT-000066,582.94,2025-09-22,2025-10-09,Shipped,SAP_S4HANA
ORD-000013,CUST-0039,MAT-000002,861.32,2025-10-19,2025-10-25,Shipped,SAP_S4HANA
ORD-000014,CUST-0002,MAT-000007,474.95,2025-10-17,2025-11-04,In Process,SAP_S4HANA
ORD-000015,CUST-0014,MAT-000059,958.47,2025-09-18,2025-10-08,Delivered,SAP_S4HANA
ORD-000016,CUST-0003,MAT-000031,883.14,2025-09-30,2025-10-08,In Process,SAP_S4HANA
ORD-000017,CUST-0006,MAT-000097,233.75,2025-09-28,2025-10-21,In Process,SAP_S4HANA
ORD-000018,CUST-0019,MAT-000090,712.21,2025-10-21,2025-11-20,Delivered,SAP_S4HANA
ORD-000019,CUST-0016,MAT-000096,581.12,2025-10-05,2025-11-04,In Process,SAP_S4HANA
ORD-000020,CUST-0034,MAT-000025,715.81,2025-08-03,2025-08-19,Open,SAP_S4HANA
ORD-000021,CUST-0002,MAT-000025,993.86,2025-08-31,2025-09-30,Cancelled,SAP_S4HANA
ORD-000022,CUST-0016,MAT-000029,491.24,2025-10-14,2025-10-31,Open,SAP_S4HANA
ORD-000023,CUST-0023,MAT-000042,901.59,2025-10-02,2025-10-21,Open,SAP_S4HANA
ORD-000024,CUST-0036,MAT-000058,904.19,2025-09-01,2025-09-12,In Process,SAP_S4HANA
ORD-000025,CUST-0038,MAT-000017,69.05,2025-08-04,2025-08-16,Shipped,SAP_S4HANA
ORD-000026,CUST-0033,MAT-000069,259.17,2025-07-26,2025-08-23,Open,SAP_S4HANA
ORD-000027,CUST-0032,MAT-000035,661.56,2025-09-13,2025-09-15,Open,SAP_S4HANA
ORD-000028,CUST-0036,MAT-000057,573.28,2025-07-31,2025-08-09,Delivered,SAP_S4HANA
ORD-000029,CUST-0027,MAT-000082,430.61,2025-08-21,2025-08-31,Cancelled,SAP_S4HANA
ORD-000030,CUST-0023,MAT-000095,607.22,2025-09-05,2025-09-25,Cancelled,SAP_S4HANA
ORD-000031,CUST-0024,MAT-000084,903.89,2025-08-16,2025-08-19,Shipped,SAP_S4HANA
ORD-000032,CUST-0019,MAT-000046,608.0,2025-08-08,2025-08-22,Cancelled,SAP_S4HANA
ORD-000033,CUST-0049,MAT-000064,633.08,2025-08-06,2025-08-23,Shipped,SAP_S4HANA
ORD-000034,CUST-0020,MAT-000067,175.86,2025-10-20,2025-10-29,In Process,SAP_S4HANA
ORD-000035,CUST-0022,MAT-000090,523.05,2025-07-29,2025-08-14,In Process,SAP_S4HANA
ORD-000036,CUST-0026,MAT-000049,889.74,2025-09-25,2025-10-06,Shipped,SAP_S4HANA
ORD-000037,CUST-0010,MAT-000008,974.17,2025-08-02,2025-08-17,Open,SAP_S4HANA
ORD-000038,CUST-0001,MAT-000056,211.07,2025-08-27,2025-09-17,Open,SAP_S4HANA
ORD-000039,CUST-0031,MAT-000037,243.49,2025-09-24,2025-10-01,Open,SAP_S4HANA
ORD-000040,CUST-0044,MAT-000027,824.62,2025-10-14,2025-11-06,Delivered,SAP_S4HANA
ORD-000041,CUST-0017,MAT-000004,291.09,2025-08-17,2025-09-05,Shipped,SAP_S4HANA
ORD-000042,CUST-0035,MAT-000058,293.32,2025-09-10,2025-09-27,Cancelled,SAP_S4HANA
ORD-000043,CUST-0037,MAT-000042,616.41,2025-08-04,2025-08-19,Shipped,SAP_S4HANA
ORD-000044,CUST-0015,MAT-000077,47.5,2025-09-03,2025-09-25,Delivered,SAP_S4HANA
ORD-000045,CUST-0035,MAT-000098,814.42,2025-08-29,2025-08-30,Shipped,SAP_S4HANA
ORD-000046,CUST-0037,MAT-000013,883.44,2025-10-04,2025-10-25,Open,SAP_S4HANA
ORD-000047,CUST-0040,MAT-000072,480.02,2025-09-20,2025-10-10,Cancelled,SAP_S4HANA
ORD-000048,CUST-0044,MAT-000095,696.59,2025-09-08,2025-09-10,Cancelled,SAP_S4HANA
ORD-000049,CUST-0002,MAT-000015,797.9,2025-09-27,2025-10-17,Open,SAP_S4HANA
ORD-000050,CUST-0046,MAT-000011,998.08,2025-08-29,2025-09-17,Shipped,SAP_S4HANA
ORD-000051,CUST-0028,MAT-000085,55.48,2025-09-02,2025-09-29,Shipped,SAP_S4HANA
ORD-000052,CUST-0037,MAT-000037,241.64,2025-10-02,2025-10-18,In Process,SAP_S4HANA
ORD-000053,CUST-0011,MAT-000077,517.06,2025-09-04,2025-09-10,Open,SAP_S4HANA
ORD-000054,CUST-0043,MAT-000031,294.62,2025-09-10,2025-10-04,Delivered,SAP_S4HANA
ORD-000055,CUST-0040,MAT-000097,901.7,2025-09-24,2025-10-13,Open,SAP_S4HANA
ORD-000056,CUST-0039,MAT-000096,151.37,2025-08-04,2025-08-13,Open,SAP_S4HANA
ORD-000057,CUST-0028,MAT-000073,249.6,2025-08-10,2025-08-13,Shipped,SAP_S4HANA
ORD-000058,CUST-0011,MAT-000002,600.11,2025-10-10,2025-11-06,Shipped,SAP_S4HANA
ORD-000059,CUST-0029,MAT-000037,328.23,2025-09-04,2025-09-28,Shipped,SAP_S4HANA
ORD-000060,CUST-0002,MAT-000034,624.44,2025-08-21,2025-08-24,Shipped,SAP_S4HANA
ORD-000061,CUST-0007,MAT-000019,317.3,2025-09-03,2025-10-01,In Process,SAP_S4HANA
ORD-000062,CUST-0037,MAT-000031,19.86,2025-09-12,2025-10-07,In Process,SAP_S4HANA
ORD-000063,CUST-0020,MAT-000023,313.61,2025-10-02,2025-10-26,Cancelled,SAP_S4HANA
ORD-000064,CUST-0021,MAT-000019,451.84,2025-08-23,2025-09-12,Shipped,SAP_S4HANA
ORD-000065,CUST-0008,MAT-000069,279.09,2025-10-08,2025-10-16,In Process,SAP_S4HANA
ORD-000066,CUST-0001,MAT-000087,847.16,2025-10-15,2025-11-05,In Process,SAP_S4HANA
ORD-000067,CUST-0005,MAT-000087,172.93,2025-10-18,2025-11-16,Open,SAP_S4HANA
ORD-000068,CUST-0050,MAT-000028,789.16,2025-08-26,2025-08-27,Shipped,SAP_S4HANA
ORD-000069,CUST-0034,MAT-000056,269.46,2025-09-18,2025-09-20,Open,SAP_S4HANA
ORD-000070,CUST-0027,MAT-000040,126.91,2025-09-21,2025-10-02,Cancelled,SAP_S4HANA
ORD-000071,CUST-0035,MAT-000029,743.97,2025-08-08,2025-08-24,Open,SAP_S4HANA
ORD-000072,CUST-0049,MAT-000004,521.83,2025-09-14,2025-10-10,Cancelled,SAP_S4HANA
ORD-000073,CUST-0034,MAT-000050,11.19,2025-09-28,2025-10-14,Open,SAP_S4HANA
ORD-000074,CUST-0036,MAT-000030,434.77,2025-08-16,2025-09-01,Open,SAP_S4HANA
ORD-000075,CUST-0048,MAT-000005,416.91,2025-09-28,2025-10-28,Delivered,SAP_S4HANA
ORD-000076,CUST-0019,MAT-000025,568.09,2025-09-19,2025-10-07,Delivered,SAP_S4HANA
ORD-000077,CUST-0037,MAT-000086,341.83,2025-08-01,2025-08-03,Shipped,SAP_S4HANA
ORD-000078,CUST-0004,MAT-000062,251.27,2025-09-08,2025-10-02,Open,SAP_S4HANA
ORD-000079,CUST-0009,MAT-000079,879.27,2025-08-26,2025-09-24,Delivered,SAP_S4HANA
ORD-000080,CUST-0013,MAT-000028,657.0,2025-09-01,2025-09-15,Delivered,SAP_S4HANA
ORD-000081,CUST-0048,MAT-000075,765.72,2025-10-04,2025-10-24,Delivered,SAP_S4HANA
ORD-000082,CUST-0050,MAT-000037,985.52,2025-09-11,2025-09-27,Delivered,SAP_S4HANA
ORD-000083,CUST-0031,MAT-000029,569.41,2025-08-21,2025-09-14,Open,SAP_S4HANA
ORD-000084,CUST-0042,MAT-000006,374.28,2025-09-09,2025-10-04,Shipped,SAP_S4HANA
ORD-000085,CUST-0029,MAT-000004,168.79,2025-09-30,2025-10-28,In Process,SAP_S4HANA
ORD-000086,CUST-0037,MAT-000070,792.38,2025-09-13,2025-09-23,Delivered,SAP_S4HANA
ORD-000087,CUST-0047,MAT-000032,14.17,2025-08-05,2025-08-28,Shipped,SAP_S4HANA
ORD-000088,CUST-0045,MAT-000045,14.42,2025-08-24,2025-09-23,Open,SAP_S4HANA
ORD-000089,CUST-0006,MAT-000086,861.87,2025-08-30,2025-09-22,Delivered,SAP_S4HANA
ORD-000090,CUST-0022,MAT-000034,921.93,2025-08-11,2025-08-18,Shipped,SAP_S4HANA
ORD-000091,CUST-0005,MAT-000032,963.97,2025-10-08,2025-10-16,Open,SAP_S4HANA
ORD-000092,CUST-0029,MAT-000007,920.01,2025-09-29,2025-10-19,Delivered,SAP_S4HANA
ORD-000093,CUST-0027,MAT-000092,974.73,2025-09-21,2025-10-09,Shipped,SAP_S4HANA
ORD-000094,CUST-0021,MAT-000084,741.96,2025-10-05,2025-10-29,Cancelled,SAP_S4HANA
ORD-000095,CUST-0037,MAT-000081,435.88,2025-08-25,2025-09-03,Open,SAP_S4HANA
ORD-000096,CUST-0010,MAT-000090,431.21,2025-08-16,2025-08-27,Shipped,SAP_S4HANA
ORD-000097,CUST-0014,MAT-000036,212.15,2025-09-23,2025-10-01,Shipped,SAP_S4HANA
ORD-000098,CUST-0048,MAT-000065,992.52,2025-09-20,2025-10-19,Cancelled,SAP_S4HANA
ORD-000099,CUST-0014,MAT-000093,544.78,2025-08-17,2025-09-14,In Process,SAP_S4HANA
ORD-000100,CUST-0040,MAT-000005,943.72,2025-09-18,2025-09-29,Open,SAP_S4HANA
ORD-000101,CUST-0025,MAT-000007,492.62,2025-10-19,2025-11-14,Delivered,SAP_S4HANA
ORD-000102,CUST-0020,MAT-000012,162.46,2025-08-02,2025-08-21,In Process,SAP_S4HANA
ORD-000103,CUST-0034,MAT-000098,812.47,2025-08-01,2025-08-31,In Process,SAP_S4HANA
ORD-000104,CUST-0018,MAT-000051,160.73,2025-10-02,2025-10-27,Shipped,SAP_S4HANA
ORD-000105,CUST-0050,MAT-000047,314.33,2025-08-10,2025-08-11,Cancelled,SAP_S4HANA
ORD-000106,CUST-0005,MAT-000041,729.85,2025-10-21,2025-10-23,Shipped,SAP_S4HANA
ORD-000107,CUST-0001,MAT-000047,73.33,2025-09-22,2025-10-17,Open,SAP_S4HANA
ORD-000108,CUST-0024,MAT-000043,568.93,2025-09-18,2025-10-04,Cancelled,SAP_S4HANA
ORD-000109,CUST-0018,MAT-000027,889.39,2025-09-20,2025-09-27,In Process,SAP_S4HANA
ORD-000110,CUST-0014,MAT-000024,635.37,2025-09-14,2025-09-30,Delivered,SAP_S4HANA
ORD-000111,CUST-0049,MAT-000090,356.64,2025-07-31,2025-08-01,Cancelled,SAP_S4HANA
ORD-000112,CUST-0032,MAT-000007,291.36,2025-10-04,2025-10-26,In Process,SAP_S4HANA
ORD-000113,CUST-0020,MAT-000023,653.44,2025-10-11,2025-11-02,Cancelled,SAP_S4HANA
ORD-000114,CUST-0013,MAT-000065,85.59,2025-09-11,2025-10-09,Delivered,SAP_S4HANA
ORD-000115,CUST-0040,MAT-000096,364.13,2025-10-04,2025-10-15,Shipped,SAP_S4HANA
ORD-000116,CUST-0042,MAT-000055,278.02,2025-09-01,2025-09-09,Open,SAP_S4HANA
ORD-000117,CUST-0015,MAT-000065,496.73,2025-10-08,2025-10-26,Open,SAP_S4HANA
ORD-000118,CUST-0008,MAT-000076,372.07,2025-10-04,2025-10-19,Open,SAP_S4HANA
ORD-000119,CUST-0022,MAT-000077,432.01,2025-08-22,2025-09-08,Cancelled,SAP_S4HANA
ORD-000120,CUST-0024,MAT-000096,883.56,2025-09-21,2025-09-30,Open,SAP_S4HANA
ORD-000121,CUST-0049,MAT-000016,203.8,2025-09-19,2025-10-09,Shipped,SAP_S4HANA
ORD-000122,CUST-0018,MAT-000059,310.46,2025-10-03,2025-10-08,In Process,SAP_S4HANA
ORD-000123,CUST-0044,MAT-000074,326.86,2025-09-20,2025-10-18,Delivered,SAP_S4HANA
ORD-000124,CUST-0017,MAT-000069,217.91,2025-10-19,2025-11-11,Open,SAP_S4HANA
ORD-000125,CUST-0047,MAT-000032,420.02,2025-07-29,2025-08-25,Delivered,SAP_S4HANA
ORD-000126,CUST-0049,MAT-000090,376.6,2025-07-27,2025-08-21,In Process,SAP_S4HANA
ORD-000127,CUST-0032,MAT-000100,198.39,2025-08-26,2025-09-06,Delivered,SAP_S4HANA
ORD-000128,CUST-0031,MAT-000020,120.86,2025-09-18,2025-09-19,In Process,SAP_S4HANA
ORD-000129,CUST-0017,MAT-000074,109.21,2025-10-16,2025-11-11,Cancelled,SAP_S4HANA
ORD-000130,CUST-0048,MAT-000003,944.38,2025-09-05,2025-09-08,Open,SAP_S4HANA
ORD-000131,CUST-0018,MAT-000022,87.96,2025-08-17,2025-09-07,Cancelled,SAP_S4HANA
ORD-000132,CUST-0027,MAT-000051,102.07,2025-10-02,2025-10-15,Open,SAP_S4HANA
ORD-000133,CUST-0014,MAT-000058,998.94,2025-07-28,2025-08-23,In Process,SAP_S4HANA
ORD-000134,CUST-0018,MAT-000022,716.88,2025-09-17,2025-09-27,Delivered,SAP_S4HANA
ORD-000135,CUST-0037,MAT-000059,229.05,2025-08-24,2025-09-12,Cancelled,SAP_S4HANA
ORD-000136,CUST-0008,MAT-000060,836.19,2025-08-07,2025-09-01,In Process,SAP_S4HANA
ORD-000137,CUST-0012,MAT-000071,170.12,2025-10-04,2025-10-22,Delivered,SAP_S4HANA
ORD-000138,CUST-0035,MAT-000066,873.0,2025-10-02,2025-10-07,In Process,SAP_S4HANA
ORD-000139,CUST-0003,MAT-000074,758.17,2025-10-05,2025-10-06,Shipped,SAP_S4HANA
ORD-000140,CUST-0020,MAT-000033,5.72,2025-08-17,2025-08-23,In Process,SAP_S4HANA
ORD-000141,CUST-0018,MAT-000059,995.55,2025-08-14,2025-08-27,Cancelled,SAP_S4HANA
ORD-000142,CUST-0023,MAT-000012,60.37,2025-08-17,2025-09-06,Shipped,SAP_S4HANA
ORD-000143,CUST-0021,MAT-000094,974.6,2025-08-04,2025-08-22,Cancelled,SAP_S4HANA
ORD-000144,CUST-0009,MAT-000047,29.02,2025-09-12,2025-09-22,Cancelled,SAP_S4HANA
ORD-000145,CUST-0038,MAT-000028,949.5,2025-09-22,2025-10-22,Open,SAP_S4HANA
ORD-000146,CUST-0047,MAT-000062,229.87,2025-08-25,2025-08-28,Shipped,SAP_S4HANA
ORD-000147,CUST-0021,MAT-000032,38.55,2025-08-07,2025-08-21,Delivered,SAP_S4HANA
ORD-000148,CUST-0033,MAT-000085,41.38,2025-09-21,2025-10-06,In Process,SAP_S4HANA
ORD-000149,CUST-0021,MAT-000013,628.86,2025-09-15,2025-10-12,In Process,SAP_S4HANA
ORD-000150,CUST-0041,MAT-000055,804.34,2025-07-29,2025-08-04,Delivered,SAP_S4HANA
ORD-000151,CUST-0028,MAT-000004,62.85,2025-09-30,2025-10-03,In Process,SAP_S4HANA
ORD-000152,CUST-0019,MAT-000081,648.63,2025-07-30,2025-08-13,Shipped,SAP_S4HANA
ORD-000153,CUST-0032,MAT-000030,384.07,2025-10-14,2025-10-31,Open,SAP_S4HANA
ORD-000154,CUST-0024,MAT-000031,520.69,2025-09-26,2025-10-05,Open,SAP_S4HANA
ORD-000155,CUST-0027,MAT-000007,558.71,2025-10-07,2025-10-22,Shipped,SAP_S4HANA
ORD-000156,CUST-0039,MAT-000062,511.01,2025-09-04,2025-09-28,Delivered,SAP_S4HANA
ORD-000157,CUST-0049,MAT-000081,803.28,2025-09-15,2025-09-30,Cancelled,SAP_S4HANA
ORD-000158,CUST-0049,MAT-000066,749.6,2025-09-16,2025-09-27,Open,SAP_S4HANA
ORD-000159,CUST-0031,MAT-000058,130.9,2025-10-19,2025-11-10,In Process,SAP_S4HANA
ORD-000160,CUST-0025,MAT-000066,717.86,2025-08-08,2025-09-04,Cancelled,SAP_S4HANA
ORD-000161,CUST-0042,MAT-000026,299.41,2025-09-23,2025-09-28,Shipped,SAP_S4HANA
ORD-000162,CUST-0014,MAT-000051,139.95,2025-07-31,2025-08-06,Cancelled,SAP_S4HANA
ORD-000163,CUST-0001,MAT-000060,534.18,2025-09-12,2025-10-02,Open,SAP_S4HANA
ORD-000164,CUST-0029,MAT-000081,41.26,2025-09-07,2025-09-27,Shipped,SAP_S4HANA
ORD-000165,CUST-0043,MAT-000014,495.05,2025-09-18,2025-10-03,Shipped,SAP_S4HANA
ORD-000166,CUST-0043,MAT-000062,812.61,2025-10-10,2025-10-27,Shipped,SAP_S4HANA
ORD-000167,CUST-0041,MAT-000018,25.42,2025-08-10,2025-09-09,Shipped,SAP_S4HANA
ORD-000168,CUST-0007,MAT-000077,992.52,2025-08-12,2025-08-15,Shipped,SAP_S4HANA
ORD-000169,CUST-0043,MAT-000062,940.09,2025-10-20,2025-11-15,Open,SAP_S4HANA
ORD-000170,CUST-0033,MAT-000010,122.69,2025-10-02,2025-10-14,Open,SAP_S4HANA
ORD-000171,CUST-0028,MAT-000022,983.75,2025-09-20,2025-10-07,Cancelled,SAP_S4HANA
ORD-000172,CUST-0020,MAT-000097,139.06,2025-09-17,2025-10-06,In Process,SAP_S4HANA
ORD-000173,CUST-0041,MAT-000072,802.6,2025-07-26,2025-08-24,Open,SAP_S4HANA
ORD-000174,CUST-0023,MAT-000050,260.5,2025-10-21,2025-10-27,Delivered,SAP_S4HANA
ORD-000175,CUST-0016,MAT-000047,469.71,2025-09-20,2025-10-09,In Process,SAP_S4HANA
ORD-000176,CUST-0032,MAT-000085,595.44,2025-10-11,2025-10-12,Delivered,SAP_S4HANA
ORD-000177,CUST-0047,MAT-000063,588.39,2025-09-29,2025-10-22,Cancelled,SAP_S4HANA
ORD-000178,CUST-0014,MAT-000100,233.38,2025-08-11,2025-08-16,In Process,SAP_S4HANA
ORD-000179,CUST-0002,MAT-000002,861.72,2025-10-06,2025-10-27,Cancelled,SAP_S4HANA
ORD-000180,CUST-0015,MAT-000036,465.23,2025-08-29,2025-08-30,Open,SAP_S4HANA
ORD-000181,CUST-0008,MAT-000055,100.62,2025-09-17,2025-10-12,Cancelled,SAP_S4HANA
ORD-000182,CUST-0043,MAT-000029,913.39,2025-08-25,2025-09-23,Open,SAP_S4HANA
ORD-000183,CUST-0005,MAT-000023,276.66,2025-08-31,2025-09-25,Cancelled,SAP_S4HANA
ORD-000184,CUST-0006,MAT-000085,179.23,2025-08-25,2025-09-03,Open,SAP_S4HANA
ORD-000185,CUST-0017,MAT-000005,623.1,2025-10-08,2025-11-07,Shipped,SAP_S4HANA
ORD-000186,CUST-0005,MAT-000058,478.46,2025-10-02,2025-10-11,Open,SAP_S4HANA
ORD-000187,CUST-0012,MAT-000076,296.14,2025-08-17,2025-08-27,Open,SAP_S4HANA
ORD-000188,CUST-0043,MAT-000062,643.33,2025-10-05,2025-10-09,Cancelled,SAP_S4HANA
ORD-000189,CUST-0029,MAT-000038,610.73,2025-09-18,2025-09-26,Open,SAP_S4HANA
ORD-000190,CUST-0005,MAT-000007,262.86,2025-09-27,2025-10-03,Delivered,SAP_S4HANA
ORD-000191,CUST-0013,MAT-000092,506.42,2025-08-16,2025-08-17,Cancelled,SAP_S4HANA
ORD-000192,CUST-0039,MAT-000062,577.6,2025-08-16,2025-09-12,Cancelled,SAP_S4HANA
ORD-000193,CUST-0005,MAT-000076,441.42,2025-08-30,2025-09-18,Shipped,SAP_S4HANA
ORD-000194,CUST-0049,MAT-000069,386.74,2025-09-21,2025-09-27,Open,SAP_S4HANA
ORD-000195,CUST-0041,MAT-000067,563.29,2025-08-22,2025-09-07,Open,SAP_S4HANA
ORD-000196,CUST-0050,MAT-000075,301.04,2025-10-18,2025-11-05,In Process,SAP_S4HANA
ORD-000197,CUST-0016,MAT-000040,113.68,2025-08-09,2025-09-04,Cancelled,SAP_S4HANA
ORD-000198,CUST-0001,MAT-000002,595.59,2025-10-06,2025-10-22,Open,SAP_S4HANA
ORD-000199,CUST-0030,MAT-000093,197.14,2025-10-12,2025-11-06,Delivered,SAP_S4HANA
ORD-000200,CUST-0017,MAT-000065,206.59,2025-08-09,2025-09-01,Open,SAP_S4HANA
ORD-000201,CUST-0042,MAT-000061,605.48,2025-10-18,2025-11-03,Cancelled,SAP_S4HANA
ORD-000202,CUST-0033,MAT-000013,544.96,2025-09-03,2025-09-26,Shipped,SAP_S4HANA
ORD-000203,CUST-0035,MAT-000056,229.49,2025-09-06,2025-10-06,In Process,SAP_S4HANA
ORD-000204,CUST-0039,MAT-000056,114.79,2025-07-29,2025-08-02,Open,SAP_S4HANA
ORD-000205,CUST-0040,MAT-000008,282.64,2025-08-08,2025-08-23,Cancelled,SAP_S4HANA
ORD-000206,CUST-0047,MAT-000022,867.09,2025-09-27,2025-10-21,Shipped,SAP_S4HANA
ORD-000207,CUST-0024,MAT-000006,717.67,2025-08-27,2025-09-20,Shipped,SAP_S4HANA
ORD-000208,CUST-0028,MAT-000025,627.13,2025-08-12,2025-09-10,Open,SAP_S4HANA
ORD-000209,CUST-0013,MAT-000060,244.79,2025-08-29,2025-09-14,Cancelled,SAP_S4HANA
ORD-000210,CUST-0012,MAT-000059,599.0,2025-10-09,2025-11-07,Delivered,SAP_S4HANA
ORD-000211,CUST-0022,MAT-000076,917.52,2025-10-14,2025-10-30,Cancelled,SAP_S4HANA
ORD-000212,CUST-0041,MAT-000029,114.71,2025-10-05,2025-10-09,Shipped,SAP_S4HANA
ORD-000213,CUST-0042,MAT-000014,931.9,2025-08-26,2025-09-25,Shipped,SAP_S4HANA
ORD-000214,CUST-0003,MAT-000066,306.29,2025-08-04,2025-08-10,Cancelled,SAP_S4HANA
ORD-000215,CUST-0006,MAT-000027,124.98,2025-10-08,2025-10-17,Shipped,SAP_S4HANA
ORD-000216,CUST-0015,MAT-000081,598.69,2025-09-25,2025-10-01,In Process,SAP_S4HANA
ORD-000217,CUST-0012,MAT-000049,189.74,2025-07-29,2025-08-22,In Process,SAP_S4HANA
ORD-000218,CUST-0040,MAT-000007,437.22,2025-10-01,2025-10-10,Shipped,SAP_S4HANA
ORD-000219,CUST-0011,MAT-000097,16.54,2025-09-16,2025-10-08,Shipped,SAP_S4HANA
ORD-000220,CUST-0037,MAT-000032,755.58,2025-10-08,2025-10-26,Shipped,SAP_S4HANA
ORD-000221,CUST-0028,MAT-000007,104.47,2025-09-02,2025-09-04,Shipped,SAP_S4HANA
ORD-000222,CUST-0044,MAT-000009,251.1,2025-09-30,2025-10-23,Open,SAP_S4HANA
ORD-000223,CUST-0003,MAT-000021,307.58,2025-09-05,2025-09-19,Cancelled,SAP_S4HANA
ORD-000224,CUST-0043,MAT-000065,787.65,2025-08-30,2025-09-12,Open,SAP_S4HANA
ORD-000225,CUST-0007,MAT-000025,477.15,2025-08-21,2025-09-02,Shipped,SAP_S4HANA
ORD-000226,CUST-0033,MAT-000083,647.09,2025-10-21,2025-11-04,Delivered,SAP_S4HANA
ORD-000227,CUST-0034,MAT-000067,81.06,2025-09-23,2025-10-17,Delivered,SAP_S4HANA
ORD-000228,CUST-0006,MAT-000039,903.72,2025-09-20,2025-09-27,In Process,SAP_S4HANA
ORD-000229,CUST-0015,MAT-000092,927.43,2025-08-09,2025-08-21,Shipped,SAP_S4HANA
ORD-000230,CUST-0043,MAT-000076,332.48,2025-09-15,2025-10-05,Shipped,SAP_S4HANA
ORD-000231,CUST-0001,MAT-000057,906.78,2025-09-05,2025-09-28,Open,SAP_S4HANA
ORD-000232,CUST-0008,MAT-000069,311.73,2025-08-26,2025-09-14,Delivered,SAP_S4HANA
ORD-000233,CUST-0044,MAT-000033,134.05,2025-10-23,2025-11-09,Cancelled,SAP_S4HANA
ORD-000234,CUST-0049,MAT-000078,922.6,2025-07-27,2025-08-08,Delivered,SAP_S4HANA
ORD-000235,CUST-0033,MAT-000071,541.84,2025-10-12,2025-11-07,Open,SAP_S4HANA
ORD-000236,CUST-0006,MAT-000051,394.26,2025-09-14,2025-10-12,In Process,SAP_S4HANA
ORD-000237,CUST-0022,MAT-000055,823.64,2025-09-25,2025-10-10,Cancelled,SAP_S4HANA
ORD-000238,CUST-0036,MAT-000050,64.61,2025-09-08,2025-09-25,Open,SAP_S4HANA
ORD-000239,CUST-0005,MAT-000056,282.68,2025-10-19,2025-11-18,Open,SAP_S4HANA
ORD-000240,CUST-0018,MAT-000048,443.23,2025-07-29,2025-08-26,Cancelled,SAP_S4HANA
ORD-000241,CUST-0023,MAT-000056,994.86,2025-07-31,2025-08-06,Shipped,SAP_S4HANA
ORD-000242,CUST-0010,MAT-000007,917.89,2025-09-12,2025-10-07,Open,SAP_S4HANA
ORD-000243,CUST-0016,MAT-000005,445.55,2025-08-02,2025-08-18,Delivered,SAP_S4HANA
ORD-000244,CUST-0049,MAT-000006,683.8,2025-10-02,2025-10-17,Open,SAP_S4HANA
ORD-000245,CUST-0041,MAT-000027,619.08,2025-08-31,2025-09-20,Delivered,SAP_S4HANA
ORD-000246,CUST-0018,MAT-000069,823.64,2025-09-10,2025-09-23,Delivered,SAP_S4HANA
ORD-000247,CUST-0010,MAT-000086,588.53,2025-10-01,2025-10-13,Delivered,SAP_S4HANA
ORD-000248,CUST-0042,MAT-000024,461.57,2025-09-25,2025-09-29,In Process,SAP_S4HANA
ORD-000249,CUST-0040,MAT-000087,777.14,2025-08-11,2025-08-15,Open,SAP_S4HANA
ORD-000250,CUST-0033,MAT-000080,506.99,2025-10-13,2025-10-18,Cancelled,SAP_S4HANA
ORD-000251,CUST-0036,MAT-000055,655.33,2025-10-21,2025-10-28,In Process,SAP_S4HANA
ORD-000252,CUST-0043,MAT-000073,921.36,2025-08-12,2025-08-26,Cancelled,SAP_S4HANA
ORD-000253,CUST-0003,MAT-000021,426.63,2025-08-15,2025-08-21,Delivered,SAP_S4HANA
ORD-000254,CUST-0043,MAT-000070,188.25,2025-08-31,2025-09-26,In Process,SAP_S4HANA
ORD-000255,CUST-0013,MAT-000065,716.84,2025-08-03,2025-08-26,Open,SAP_S4HANA
ORD-000256,CUST-0003,MAT-000040,663.54,2025-09-21,2025-10-15,Cancelled,SAP_S4HANA
ORD-000257,CUST-0026,MAT-000063,338.98,2025-10-12,2025-10-18,Open,SAP_S4HANA
ORD-000258,CUST-0005,MAT-000056,992.26,2025-09-12,2025-09-29,Open,SAP_S4HANA
ORD-000259,CUST-0050,MAT-000068,73.97,2025-09-04,2025-09-24,Delivered,SAP_S4HANA
ORD-000260,CUST-0036,MAT-000034,375.91,2025-08-26,2025-08-27,Cancelled,SAP_S4HANA
ORD-000261,CUST-0004,MAT-000035,184.27,2025-09-13,2025-09-28,Shipped,SAP_S4HANA
ORD-000262,CUST-0019,MAT-000081,514.04,2025-09-07,2025-09-25,Delivered,SAP_S4HANA
ORD-000263,CUST-0016,MAT-000088,391.83,2025-07-30,2025-08-02,Cancelled,SAP_S4HANA
ORD-000264,CUST-0002,MAT-000022,744.57,2025-08-10,2025-08-24,Cancelled,SAP_S4HANA
ORD-000265,CUST-0009,MAT-000013,150.18,2025-08-26,2025-08-31,Delivered,SAP_S4HANA
ORD-000266,CUST-0036,MAT-000058,990.38,2025-09-12,2025-09-18,In Process,SAP_S4HANA
ORD-000267,CUST-0033,MAT-000028,951.74,2025-10-05,2025-10-31,Open,SAP_S4HANA
ORD-000268,CUST-0026,MAT-000091,755.8,2025-09-12,2025-10-03,Shipped,SAP_S4HANA
ORD-000269,CUST-0002,MAT-000097,131.81,2025-08-08,2025-09-06,In Process,SAP_S4HANA
ORD-000270,CUST-0030,MAT-000003,696.41,2025-09-20,2025-10-14,Cancelled,SAP_S4HANA
ORD-000271,CUST-0004,MAT-000005,20.65,2025-10-06,2025-10-07,Open,SAP_S4HANA
ORD-000272,CUST-0043,MAT-000097,463.44,2025-08-06,2025-08-21,Cancelled,SAP_S4HANA
ORD-000273,CUST-0038,MAT-000099,229.36,2025-09-17,2025-10-13,Open,SAP_S4HANA
ORD-000274,CUST-0031,MAT-000097,713.2,2025-09-21,2025-10-06,Shipped,SAP_S4HANA
ORD-000275,CUST-0036,MAT-000060,313.2,2025-09-28,2025-10-11,Delivered,SAP_S4HANA
ORD-000276,CUST-0050,MAT-000042,759.77,2025-08-16,2025-08-18,In Process,SAP_S4HANA
ORD-000277,CUST-0043,MAT-000078,60.62,2025-08-29,2025-09-18,Delivered,SAP_S4HANA
ORD-000278,CUST-0046,MAT-000033,657.6,2025-08-12,2025-09-05,Open,SAP_S4HANA
ORD-000279,CUST-0029,MAT-000067,529.23,2025-09-08,2025-09-23,Shipped,SAP_S4HANA
ORD-000280,CUST-0025,MAT-000024,706.14,2025-08-13,2025-08-20,Cancelled,SAP_S4HANA
ORD-000281,CUST-0022,MAT-000019,151.83,2025-09-25,2025-10-11,Delivered,SAP_S4HANA
ORD-000282,CUST-0023,MAT-000033,566.17,2025-10-18,2025-11-16,Delivered,SAP_S4HANA
ORD-000283,CUST-0044,MAT-000094,156.13,2025-09-16,2025-10-10,In Process,SAP_S4HANA
ORD-000284,CUST-0017,MAT-000025,388.71,2025-10-02,2025-10-25,Cancelled,SAP_S4HANA
ORD-000285,CUST-0021,MAT-000059,588.15,2025-07-27,2025-08-06,Cancelled,SAP_S4HANA
ORD-000286,CUST-0040,MAT-000033,138.71,2025-08-12,2025-09-05,Cancelled,SAP_S4HANA
ORD-000287,CUST-0006,MAT-000086,19.71,2025-07-31,2025-08-02,Shipped,SAP_S4HANA
ORD-000288,CUST-0042,MAT-000033,227.38,2025-09-08,2025-09-10,In Process,SAP_S4HANA
ORD-000289,CUST-0037,MAT-000055,897.5,2025-09-18,2025-10-12,Delivered,SAP_S4HANA
ORD-000290,CUST-0038,MAT-000042,262.79,2025-10-09,2025-10-26,Shipped,SAP_S4HANA
ORD-000291,CUST-0044,MAT-000022,100.54,2025-08-10,2025-08-16,Open,SAP_S4HANA
ORD-000292,CUST-0049,MAT-000065,700.1,2025-10-18,2025-10-22,Cancelled,SAP_S4HANA
ORD-000293,CUST-0032,MAT-000025,360.03,2025-10-22,2025-11-08,Cancelled,SAP_S4HANA
ORD-000294,CUST-0039,MAT-000042,603.02,2025-09-18,2025-09-30,Delivered,SAP_S4HANA
ORD-000295,CUST-0005,MAT-000015,420.85,2025-10-21,2025-11-06,Cancelled,SAP_S4HANA
ORD-000296,CUST-0032,MAT-000044,217.45,2025-08-20,2025-09-07,Open,SAP_S4HANA
ORD-000297,CUST-0028,MAT-000052,304.58,2025-10-10,2025-11-08,Delivered,SAP_S4HANA
ORD-000298,CUST-0005,MAT-000052,162.62,2025-08-18,2025-09-03,Cancelled,SAP_S4HANA
ORD-000299,CUST-0001,MAT-000010,247.45,2025-10-23,2025-10-30,Shipped,SAP_S4HANA
ORD-000300,CUST-0001,MAT-000078,236.26,2025-10-23,2025-10-31,Delivered,SAP_S4HANA
ORD-000301,CUST-0045,MAT-000003,739.92,2025-07-26,2025-08-22,Open,SAP_S4HANA
ORD-000302,CUST-0008,MAT-000026,898.5,2025-09-20,2025-09-24,Shipped,SAP_S4HANA
ORD-000303,CUST-0021,MAT-000004,784.04,2025-10-06,2025-11-04,Cancelled,SAP_S4HANA
ORD-000304,CUST-0001,MAT-000011,862.03,2025-07-30,2025-08-18,Cancelled,SAP_S4HANA
ORD-000305,CUST-0016,MAT-000093,871.09,2025-10-02,2025-10-08,Shipped,SAP_S4HANA
ORD-000306,CUST-0021,MAT-000060,978.75,2025-10-13,2025-10-27,In Process,SAP_S4HANA
ORD-000307,CUST-0019,MAT-000026,285.33,2025-08-28,2025-09-09,Delivered,SAP_S4HANA
ORD-000308,CUST-0030,MAT-000081,166.14,2025-10-21,2025-11-08,Delivered,SAP_S4HANA
ORD-000309,CUST-0009,MAT-000014,432.88,2025-07-27,2025-08-04,Cancelled,SAP_S4HANA
ORD-000310,CUST-0024,MAT-000039,645.14,2025-09-08,2025-10-08,Open,SAP_S4HANA
ORD-000311,CUST-0001,MAT-000081,551.0,2025-09-14,2025-10-11,Cancelled,SAP_S4HANA
ORD-000312,CUST-0025,MAT-000048,113.53,2025-08-18,2025-08-23,In Process,SAP_S4HANA
ORD-000313,CUST-0007,MAT-000009,507.31,2025-10-07,2025-10-24,Delivered,SAP_S4HANA
ORD-000314,CUST-0034,MAT-000090,355.45,2025-09-23,2025-10-13,Delivered,SAP_S4HANA
ORD-000315,CUST-0018,MAT-000046,114.87,2025-10-18,2025-11-13,Open,SAP_S4HANA
ORD-000316,CUST-0025,MAT-000044,501.29,2025-08-09,2025-08-23,Shipped,SAP_S4HANA
ORD-000317,CUST-0005,MAT-000069,883.43,2025-08-17,2025-09-10,In Process,SAP_S4HANA
ORD-000318,CUST-0040,MAT-000073,191.72,2025-08-11,2025-08-25,In Process,SAP_S4HANA
ORD-000319,CUST-0045,MAT-000087,669.89,2025-09-25,2025-10-14,Cancelled,SAP_S4HANA
ORD-000320,CUST-0026,MAT-000001,189.71,2025-09-17,2025-10-02,Shipped,SAP_S4HANA
ORD-000321,CUST-0030,MAT-000049,126.45,2025-10-20,2025-11-15,Open,SAP_S4HANA
ORD-000322,CUST-0019,MAT-000033,878.6,2025-08-31,2025-09-27,Delivered,SAP_S4HANA
ORD-000323,CUST-0017,MAT-000072,837.3,2025-09-23,2025-10-03,Cancelled,SAP_S4HANA
ORD-000324,CUST-0014,MAT-000033,614.98,2025-09-17,2025-09-26,Cancelled,SAP_S4HANA
ORD-000325,CUST-0044,MAT-000001,652.33,2025-08-06,2025-08-29,In Process,SAP_S4HANA
ORD-000326,CUST-0011,MAT-000005,806.78,2025-09-18,2025-09-19,Shipped,SAP_S4HANA
ORD-000327,CUST-0033,MAT-000087,140.9,2025-09-20,2025-10-10,Shipped,SAP_S4HANA
ORD-000328,CUST-0049,MAT-000093,288.82,2025-10-03,2025-10-20,Shipped,SAP_S4HANA
ORD-000329,CUST-0029,MAT-000062,406.18,2025-10-04,2025-10-13,Shipped,SAP_S4HANA
ORD-000330,CUST-0026,MAT-000032,637.08,2025-10-14,2025-10-24,Shipped,SAP_S4HANA
ORD-000331,CUST-0004,MAT-000030,642.74,2025-08-06,2025-08-14,In Process,SAP_S4HANA
ORD-000332,CUST-0049,MAT-000035,531.2,2025-08-27,2025-09-14,Open,SAP_S4HANA
ORD-000333,CUST-0044,MAT-000033,428.0,2025-10-23,2025-11-09,In Process,SAP_S4HANA
ORD-000334,CUST-0019,MAT-000001,878.79,2025-07-26,2025-08-02,Cancelled,SAP_S4HANA
ORD-000335,CUST-0010,MAT-000070,811.68,2025-09-13,2025-10-05,Shipped,SAP_S4HANA
ORD-000336,CUST-0031,MAT-000051,609.94,2025-09-10,2025-09-20,Shipped,SAP_S4HANA
ORD-000337,CUST-0031,MAT-000052,648.81,2025-10-14,2025-10-28,Open,SAP_S4HANA
ORD-000338,CUST-0047,MAT-000062,825.77,2025-09-21,2025-10-03,In Process,SAP_S4HANA
ORD-000339,CUST-0044,MAT-000049,836.57,2025-10-21,2025-10-25,Open,SAP_S4HANA
ORD-000340,CUST-0015,MAT-000003,950.95,2025-10-12,2025-10-21,Delivered,SAP_S4HANA
ORD-000341,CUST-0037,MAT-000069,272.18,2025-09-11,2025-09-25,Open,SAP_S4HANA
ORD-000342,CUST-0024,MAT-000020,845.18,2025-10-18,2025-11-15,Delivered,SAP_S4HANA
ORD-000343,CUST-0007,MAT-000010,76.16,2025-09-12,2025-10-09,Shipped,SAP_S4HANA
ORD-000344,CUST-0016,MAT-000008,126.11,2025-10-16,2025-11-06,Open,SAP_S4HANA
ORD-000345,CUST-0049,MAT-000044,456.71,2025-08-04,2025-08-17,Cancelled,SAP_S4HANA
ORD-000346,CUST-0040,MAT-000100,696.38,2025-10-01,2025-10-23,In Process,SAP_S4HANA
ORD-000347,CUST-0019,MAT-000050,484.36,2025-09-25,2025-10-19,In Process,SAP_S4HANA
ORD-000348,CUST-0014,MAT-000009,960.72,2025-08-08,2025-08-28,In Process,SAP_S4HANA
ORD-000349,CUST-0010,MAT-000006,83.33,2025-08-01,2025-08-05,Cancelled,SAP_S4HANA
ORD-000350,CUST-0039,MAT-000035,503.81,2025-09-13,2025-10-01,In Process,SAP_S4HANA
ORD-000351,CUST-0019,MAT-000038,845.8,2025-10-03,2025-10-05,In Process,SAP_S4HANA
ORD-000352,CUST-0021,MAT-000095,52.5,2025-10-09,2025-10-18,In Process,SAP_S4HANA
ORD-000353,CUST-0026,MAT-000076,537.5,2025-08-30,2025-09-18,In Process,SAP_S4HANA
ORD-000354,CUST-0041,MAT-000049,466.35,2025-08-02,2025-08-19,Open,SAP_S4HANA
ORD-000355,CUST-0039,MAT-000077,849.68,2025-09-29,2025-10-24,In Process,SAP_S4HANA
ORD-000356,CUST-0014,MAT-000024,883.22,2025-10-07,2025-10-23,Cancelled,SAP_S4HANA
ORD-000357,CUST-0019,MAT-000014,450.85,2025-09-03,2025-09-23,Shipped,SAP_S4HANA
ORD-000358,CUST-0018,MAT-000053,776.02,2025-07-29,2025-08-07,Open,SAP_S4HANA
ORD-000359,CUST-0027,MAT-000004,543.17,2025-07-30,2025-08-15,Open,SAP_S4HANA
ORD-000360,CUST-0008,MAT-000096,684.78,2025-08-31,2025-09-24,Shipped,SAP_S4HANA
ORD-000361,CUST-0013,MAT-000084,695.57,2025-10-11,2025-10-28,Cancelled,SAP_S4HANA
ORD-000362,CUST-0022,MAT-000076,740.34,2025-10-02,2025-10-27,In Process,SAP_S4HANA
ORD-000363,CUST-0005,MAT-000072,773.7,2025-10-15,2025-11-07,In Process,SAP_S4HANA
ORD-000364,CUST-0009,MAT-000051,791.76,2025-08-28,2025-09-26,Cancelled,SAP_S4HANA
ORD-000365,CUST-0007,MAT-000096,637.59,2025-09-16,2025-09-29,Shipped,SAP_S4HANA
ORD-000366,CUST-0019,MAT-000071,653.32,2025-09-03,2025-09-07,Cancelled,SAP_S4HANA
ORD-000367,CUST-0018,MAT-000072,463.23,2025-09-06,2025-10-06,Open,SAP_S4HANA
ORD-000368,CUST-0043,MAT-000083,42.78,2025-08-24,2025-09-01,In Process,SAP_S4HANA
ORD-000369,CUST-0007,MAT-000064,932.07,2025-10-17,2025-11-13,Shipped,SAP_S4HANA
ORD-000370,CUST-0045,MAT-000063,275.15,2025-08-14,2025-09-08,Cancelled,SAP_S4HANA
ORD-000371,CUST-0021,MAT-000064,457.97,2025-09-13,2025-09-24,Open,SAP_S4HANA
ORD-000372,CUST-0017,MAT-000030,294.72,2025-08-17,2025-09-07,Delivered,SAP_S4HANA
ORD-000373,CUST-0041,MAT-000008,96.16,2025-09-29,2025-10-24,Shipped,SAP_S4HANA
ORD-000374,CUST-0046,MAT-000030,761.78,2025-10-03,2025-10-07,In Process,SAP_S4HANA
ORD-000375,CUST-0019,MAT-000048,980.04,2025-08-05,2025-08-28,Open,SAP_S4HANA
ORD-000376,CUST-0021,MAT-000076,148.83,2025-09-03,2025-09-27,Open,SAP_S4HANA
ORD-000377,CUST-0020,MAT-000072,959.71,2025-08-09,2025-08-16,Open,SAP_S4HANA
ORD-000378,CUST-0009,MAT-000054,997.43,2025-08-07,2025-08-24,In Process,SAP_S4HANA
ORD-000379,CUST-0048,MAT-000013,953.2,2025-08-22,2025-08-29,Open,SAP_S4HANA
ORD-000380,CUST-0039,MAT-000060,897.13,2025-08-13,2025-08-29,Open,SAP_S4HANA
ORD-000381,CUST-0025,MAT-000048,56.99,2025-07-30,2025-08-23,Delivered,SAP_S4HANA
ORD-000382,CUST-0014,MAT-000029,803.82,2025-07-28,2025-08-10,Open,SAP_S4HANA
ORD-000383,CUST-0045,MAT-000031,470.85,2025-08-17,2025-09-10,Delivered,SAP_S4HANA
ORD-000384,CUST-0041,MAT-000023,482.05,2025-10-01,2025-10-25,In Process,SAP_S4HANA
ORD-000385,CUST-0015,MAT-000047,685.92,2025-09-10,2025-10-01,In Process,SAP_S4HANA
ORD-000386,CUST-0013,MAT-000046,732.76,2025-10-22,2025-11-05,Cancelled,SAP_S4HANA
ORD-000387,CUST-0038,MAT-000088,377.71,2025-08-24,2025-09-10,Open,SAP_S4HANA
ORD-000388,CUST-0038,MAT-000076,599.76,2025-08-30,2025-09-07,Delivered,SAP_S4HANA
ORD-000389,CUST-0024,MAT-000041,862.77,2025-09-18,2025-10-08,Cancelled,SAP_S4HANA
ORD-000390,CUST-0036,MAT-000029,296.83,2025-08-04,2025-09-01,Cancelled,SAP_S4HANA
ORD-000391,CUST-0014,MAT-000048,787.67,2025-10-07,2025-10-30,In Process,SAP_S4HANA
ORD-000392,CUST-0013,MAT-000036,623.22,2025-08-15,2025-08-23,Cancelled,SAP_S4HANA
ORD-000393,CUST-0011,MAT-000096,629.17,2025-09-28,2025-10-05,Cancelled,SAP_S4HANA
ORD-000394,CUST-0030,MAT-000007,980.46,2025-09-17,2025-10-06,In Process,SAP_S4HANA
ORD-000395,CUST-0024,MAT-000071,886.31,2025-10-19,2025-11-13,Shipped,SAP_S4HANA
ORD-000396,CUST-0021,MAT-000087,196.07,2025-08-25,2025-09-17,In Process,SAP_S4HANA
ORD-000397,CUST-0048,MAT-000061,676.83,2025-08-26,2025-09-12,Cancelled,SAP_S4HANA
ORD-000398,CUST-0013,MAT-000035,943.3,2025-10-18,2025-10-29,Open,SAP_S4HANA
ORD-000399,CUST-0002,MAT-000082,790.11,2025-09-14,2025-09-28,In Process,SAP_S4HANA
ORD-000400,CUST-0008,MAT-000068,212.58,2025-09-07,2025-09-14,Delivered,SAP_S4HANA
ORD-000401,CUST-0016,MAT-000050,557.02,2025-09-29,2025-10-15,Delivered,SAP_S4HANA
ORD-000402,CUST-0038,MAT-000093,510.74,2025-10-09,2025-10-25,Open,SAP_S4HANA
ORD-000403,CUST-0039,MAT-000026,328.61,2025-10-23,2025-10-24,Cancelled,SAP_S4HANA
ORD-000404,CUST-0030,MAT-000091,299.16,2025-10-11,2025-10-20,Delivered,SAP_S4HANA
ORD-000405,CUST-0032,MAT-000088,71.01,2025-10-11,2025-10-18,Shipped,SAP_S4HANA
ORD-000406,CUST-0019,MAT-000047,991.14,2025-10-23,2025-11-18,Open,SAP_S4HANA
ORD-000407,CUST-0007,MAT-000046,495.35,2025-09-01,2025-09-06,In Process,SAP_S4HANA
ORD-000408,CUST-0035,MAT-000018,40.66,2025-08-03,2025-08-14,In Process,SAP_S4HANA
ORD-000409,CUST-0033,MAT-000075,384.42,2025-09-17,2025-09-25,Shipped,SAP_S4HANA
ORD-000410,CUST-0024,MAT-000060,456.86,2025-09-11,2025-10-01,Cancelled,SAP_S4HANA
ORD-000411,CUST-0037,MAT-000087,765.98,2025-10-16,2025-10-28,Cancelled,SAP_S4HANA
ORD-000412,CUST-0038,MAT-000088,562.53,2025-08-18,2025-09-13,Shipped,SAP_S4HANA
ORD-000413,CUST-0044,MAT-000029,552.89,2025-10-05,2025-10-11,Open,SAP_S4HANA
ORD-000414,CUST-0046,MAT-000058,460.52,2025-09-25,2025-09-27,Delivered,SAP_S4HANA
ORD-000415,CUST-0042,MAT-000065,10.31,2025-08-24,2025-09-08,Open,SAP_S4HANA
ORD-000416,CUST-0025,MAT-000064,6.25,2025-09-04,2025-09-28,In Process,SAP_S4HANA
ORD-000417,CUST-0031,MAT-000080,394.96,2025-08-16,2025-08-25,Open,SAP_S4HANA
ORD-000418,CUST-0039,MAT-000098,81.84,2025-10-01,2025-10-12,Shipped,SAP_S4HANA
ORD-000419,CUST-0001,MAT-000094,321.3,2025-09-03,2025-09-16,Open,SAP_S4HANA
ORD-000420,CUST-0026,MAT-000097,828.73,2025-10-06,2025-11-03,Cancelled,SAP_S4HANA
ORD-000421,CUST-0028,MAT-000085,564.84,2025-08-30,2025-09-13,Cancelled,SAP_S4HANA
ORD-000422,CUST-0035,MAT-000099,63.09,2025-08-25,2025-08-26,Shipped,SAP_S4HANA
ORD-000423,CUST-0048,MAT-000055,107.16,2025-09-24,2025-09-26,In Process,SAP_S4HANA
ORD-000424,CUST-0032,MAT-000097,401.46,2025-07-26,2025-08-19,In Process,SAP_S4HANA
ORD-000425,CUST-0038,MAT-000088,731.41,2025-09-28,2025-10-16,Delivered,SAP_S4HANA
ORD-000426,CUST-0018,MAT-000086,468.42,2025-09-19,2025-09-27,In Process,SAP_S4HANA
ORD-000427,CUST-0044,MAT-000009,16.83,2025-08-19,2025-08-28,In Process,SAP_S4HANA
ORD-000428,CUST-0015,MAT-000019,269.45,2025-08-21,2025-09-06,Cancelled,SAP_S4HANA
ORD-000429,CUST-0035,MAT-000022,125.34,2025-09-30,2025-10-30,Shipped,SAP_S4HANA
ORD-000430,CUST-0030,MAT-000031,40.73,2025-07-27,2025-08-17,Delivered,SAP_S4HANA
ORD-000431,CUST-0027,MAT-000091,797.62,2025-10-01,2025-10-14,Cancelled,SAP_S4HANA
ORD-000432,CUST-0009,MAT-000057,101.33,2025-09-30,2025-10-16,Open,SAP_S4HANA
ORD-000433,CUST-0003,MAT-000055,35.56,2025-09-25,2025-10-13,Delivered,SAP_S4HANA
ORD-000434,CUST-0044,MAT-000051,480.4,2025-09-06,2025-09-13,Delivered,SAP_S4HANA
ORD-000435,CUST-0019,MAT-000026,386.33,2025-10-10,2025-11-03,Open,SAP_S4HANA
ORD-000436,CUST-0035,MAT-000087,935.72,2025-09-07,2025-10-01,Delivered,SAP_S4HANA
ORD-000437,CUST-0032,MAT-000083,138.26,2025-08-08,2025-08-15,Shipped,SAP_S4HANA
ORD-000438,CUST-0001,MAT-000025,527.71,2025-08-01,2025-08-12,Delivered,SAP_S4HANA
ORD-000439,CUST-0040,MAT-000026,515.1,2025-08-28,2025-09-26,Shipped,SAP_S4HANA
ORD-000440,CUST-0009,MAT-000084,869.25,2025-07-27,2025-08-02,Open,SAP_S4HANA
ORD-000441,CUST-0034,MAT-000020,163.32,2025-08-12,2025-09-04,Open,SAP_S4HANA
ORD-000442,CUST-0030,MAT-000002,184.17,2025-08-16,2025-09-14,Open,SAP_S4HANA
ORD-000443,CUST-0017,MAT-000075,301.34,2025-09-16,2025-10-14,Shipped,SAP_S4HANA
ORD-000444,CUST-0002,MAT-000070,15.95,2025-08-24,2025-09-17,Delivered,SAP_S4HANA
ORD-000445,CUST-0049,MAT-000023,779.25,2025-08-29,2025-09-13,Open,SAP_S4HANA
ORD-000446,CUST-0030,MAT-000094,78.74,2025-08-27,2025-09-19,Cancelled,SAP_S4HANA
ORD-000447,CUST-0035,MAT-000019,353.38,2025-08-20,2025-09-12,Shipped,SAP_S4HANA
ORD-000448,CUST-0048,MAT-000098,770.66,2025-08-20,2025-09-16,In Process,SAP_S4HANA
ORD-000449,CUST-0047,MAT-000097,128.63,2025-10-09,2025-10-20,Delivered,SAP_S4HANA
ORD-000450,CUST-0034,MAT-000015,794.74,2025-08-25,2025-09-06,Shipped,SAP_S4HANA
ORD-000451,CUST-0044,MAT-000089,171.85,2025-07-30,2025-08-19,In Process,SAP_S4HANA
ORD-000452,CUST-0028,MAT-000078,46.03,2025-08-26,2025-09-19,Open,SAP_S4HANA
ORD-000453,CUST-0046,MAT-000078,650.6,2025-07-26,2025-08-18,Open,SAP_S4HANA
ORD-000454,CUST-0037,MAT-000046,776.74,2025-10-03,2025-10-30,Delivered,SAP_S4HANA
ORD-000455,CUST-0046,MAT-000100,282.25,2025-10-18,2025-10-31,Open,SAP_S4HANA
ORD-000456,CUST-0018,MAT-000073,607.29,2025-10-23,2025-10-30,Shipped,SAP_S4HANA
ORD-000457,CUST-0034,MAT-000008,30.0,2025-08-30,2025-09-11,Open,SAP_S4HANA
ORD-000458,CUST-0028,MAT-000078,132.47,2025-09-15,2025-09-28,Open,SAP_S4HANA
ORD-000459,CUST-0017,MAT-000055,470.1,2025-08-02,2025-08-08,Delivered,SAP_S4HANA
ORD-000460,CUST-0039,MAT-000040,221.55,2025-08-14,2025-09-04,Cancelled,SAP_S4HANA
ORD-000461,CUST-0045,MAT-000071,735.97,2025-07-26,2025-08-22,Delivered,SAP_S4HANA
ORD-000462,CUST-0010,MAT-000074,875.43,2025-10-20,2025-10-22,Cancelled,SAP_S4HANA
ORD-000463,CUST-0020,MAT-000064,329.54,2025-09-24,2025-10-17,Open,SAP_S4HANA
ORD-000464,CUST-0009,MAT-000006,335.89,2025-08-14,2025-09-02,In Process,SAP_S4HANA
ORD-000465,CUST-0048,MAT-000040,548.29,2025-08-11,2025-08-29,Cancelled,SAP_S4HANA
ORD-000466,CUST-0047,MAT-000077,909.76,2025-08-21,2025-09-04,Shipped,SAP_S4HANA
ORD-000467,CUST-0042,MAT-000046,566.49,2025-09-18,2025-10-03,Open,SAP_S4HANA
ORD-000468,CUST-0007,MAT-000002,551.2,2025-10-20,2025-10-24,Open,SAP_S4HANA
ORD-000469,CUST-0028,MAT-000081,831.63,2025-09-09,2025-10-04,Open,SAP_S4HANA
ORD-000470,CUST-0009,MAT-000100,158.0,2025-10-10,2025-10-20,Shipped,SAP_S4HANA
ORD-000471,CUST-0012,MAT-000081,404.01,2025-07-26,2025-07-30,Delivered,SAP_S4HANA
ORD-000472,CUST-0018,MAT-000034,374.94,2025-08-31,2025-09-29,Open,SAP_S4HANA
ORD-000473,CUST-0045,MAT-000013,339.27,2025-09-02,2025-09-05,Delivered,SAP_S4HANA
ORD-000474,CUST-0012,MAT-000068,735.3,2025-10-12,2025-11-10,Open,SAP_S4HANA
ORD-000475,CUST-0049,MAT-000032,83.62,2025-07-26,2025-08-21,Shipped,SAP_S4HANA
ORD-000476,CUST-0001,MAT-000097,580.87,2025-08-07,2025-08-20,Cancelled,SAP_S4HANA
ORD-000477,CUST-0048,MAT-000046,207.54,2025-08-27,2025-09-12,Cancelled,SAP_S4HANA
ORD-000478,CUST-0003,MAT-000034,733.97,2025-09-20,2025-09-22,Cancelled,SAP_S4HANA
ORD-000479,CUST-0004,MAT-000092,396.87,2025-10-10,2025-10-21,Cancelled,SAP_S4HANA
ORD-000480,CUST-0039,MAT-000050,281.17,2025-09-02,2025-09-15,In Process,SAP_S4HANA
ORD-000481,CUST-0025,MAT-000094,554.4,2025-08-06,2025-08-20,Open,SAP_S4HANA
ORD-000482,CUST-0050,MAT-000015,941.0,2025-09-03,2025-09-18,Delivered,SAP_S4HANA
ORD-000483,CUST-0049,MAT-000040,543.14,2025-08-12,2025-08-17,Open,SAP_S4HANA
ORD-000484,CUST-0033,MAT-000059,413.78,2025-09-19,2025-10-17,Shipped,SAP_S4HANA
ORD-000485,CUST-0038,MAT-000064,600.44,2025-08-29,2025-09-18,Open,SAP_S4HANA
ORD-000486,CUST-0020,MAT-000008,309.57,2025-08-08,2025-08-21,In Process,SAP_S4HANA
ORD-000487,CUST-0012,MAT-000026,383.57,2025-09-09,2025-09-20,Cancelled,SAP_S4HANA
ORD-000488,CUST-0024,MAT-000083,935.95,2025-10-03,2025-10-17,In Process,SAP_S4HANA
ORD-000489,CUST-0024,MAT-000057,168.39,2025-10-05,2025-10-23,In Process,SAP_S4HANA
ORD-000490,CUST-0008,MAT-000005,981.82,2025-09-27,2025-10-27,Open,SAP_S4HANA
ORD-000491,CUST-0016,MAT-000066,515.07,2025-10-18,2025-11-10,In Process,SAP_S4HANA
ORD-000492,CUST-0025,MAT-000024,979.07,2025-10-02,2025-10-15,Open,SAP_S4HANA
ORD-000493,CUST-0039,MAT-000077,154.28,2025-09-20,2025-10-13,Cancelled,SAP_S4HANA
ORD-000494,CUST-0001,MAT-000018,807.6,2025-09-08,2025-09-23,Delivered,SAP_S4HANA
ORD-000495,CUST-0029,MAT-000079,86.97,2025-08-05,2025-08-14,Cancelled,SAP_S4HANA
ORD-000496,CUST-0044,MAT-000081,356.33,2025-10-08,2025-10-26,Delivered,SAP_S4HANA
ORD-000497,CUST-0016,MAT-000042,896.21,2025-09-24,2025-10-11,In Process,SAP_S4HANA
ORD-000498,CUST-0046,MAT-000002,207.37,2025-10-16,2025-10-18,Shipped,SAP_S4HANA
ORD-000499,CUST-0011,MAT-000097,72.98,2025-08-09,2025-08-29,Delivered,SAP_S4HANA
ORD-000500,CUST-0014,MAT-000048,704.99,2025-08-04,2025-08-22,Cancelled,SAP_S4HANA
